[2026-10-09 18:41:47.983 +00:00] [INF] [4] Emby.Server.Implementations.AppBase.BaseConfigurationManager: Setting cache path: "/cache"
[2026-10-09 18:41:48.197 +00:00] [INF] [4] Jellyfin.Server.ServerSetupApp.SetupServer: Kestrel is listening on "0.0.0.0"
[2026-10-09 18:41:48.234 +00:00] [INF] [4] Main: Jellyfin version: "12.0.0"
[2026-10-09 18:41:48.239 +00:00] [INF] [4] Main: Environment Variables: ["[JELLYFIN_FFMPEG, /usr/lib/jellyfin-ffmpeg/ffmpeg]", "[JELLYFIN_CONFIG_DIR, /config/config]", "[JELLYFIN_CACHE_DIR, /cache]", "[JELLYFIN_DATA_DIR, /config]", "[JELLYFIN_LOG_DIR, /config/log]", "[JELLYFIN_WEB_DIR, /jellyfin/jellyfin-web]"]
[2026-10-09 18:41:48.241 +00:00] [INF] [4] Main: Arguments: ["/jellyfin/jellyfin.dll"]
[2026-10-09 18:41:48.242 +00:00] [INF] [4] Main: Operating system: "Debian GNU/Linux 13 (trixie)"
[2026-10-09 18:41:48.242 +00:00] [INF] [4] Main: Architecture: X64
[2026-10-09 18:41:48.244 +00:00] [INF] [4] Main: 64-Bit Process: True
[2026-10-09 18:41:48.244 +00:00] [INF] [4] Main: User Interactive: True
[2026-10-09 18:41:48.244 +00:00] [INF] [4] Main: Processor count: 2
[2026-10-09 18:41:48.244 +00:00] [INF] [4] Main: Program data path: "/config"
[2026-10-09 18:41:48.244 +00:00] [INF] [4] Main: Log directory path: "/config/log"
[2026-10-09 18:41:48.244 +00:00] [INF] [4] Main: Config directory path: "/config/config"
[2026-10-09 18:41:48.245 +00:00] [INF] [4] Main: Cache path: "/cache"
[2026-10-09 18:41:48.245 +00:00] [INF] [4] Main: Temp directory path: "/tmp/jellyfin"
[2026-10-09 18:41:48.246 +00:00] [INF] [4] Main: Web resources path: "/jellyfin/jellyfin-web"
[2026-10-09 18:41:48.246 +00:00] [INF] [4] Main: Application directory: "/jellyfin/"
[2026-10-09 18:41:48.254 +00:00] [INF] [4] Jellyfin.Server.Startup: Storage path `"/config/data"` (Unknown) successfully checked with "25.7GiB" free which is over the minimum of "2GiB".
[2026-10-09 18:41:48.256 +00:00] [INF] [4] Jellyfin.Server.Startup: Storage path `"/cache"` (Unknown) successfully checked with "25.7GiB" free which is over the minimum of "2GiB".
[2026-10-09 18:41:48.257 +00:00] [INF] [4] Jellyfin.Server.Startup: Storage path `"/config"` (Unknown) successfully checked with "25.7GiB" free which is over the minimum of "2GiB".
[2026-10-09 18:41:48.298 +00:00] [INF] [4] Emby.Server.Implementations.AppBase.BaseConfigurationManager: Setting cache path: "/cache"
[2026-10-09 18:41:48.373 +00:00] [INF] [4] Jellyfin.Database.Providers.Sqlite.SqliteDatabaseProvider: SQLite connection string: "Data Source=/config/data/jellyfin.db;Cache=Private;Default Timeout=60;Pooling=True"
[2026-10-09 18:41:48.382 +00:00] [INF] [4] Jellyfin.Database.Providers.Sqlite.SqliteDatabaseProvider: SQLITE connection pragma command set to: 
"PRAGMA locking_mode=NORMAL;
PRAGMA journal_size_limit=134217728;
PRAGMA synchronous=1;
PRAGMA temp_store=2;
"
[2026-10-09 18:41:48.384 +00:00] [INF] [4] Jellyfin.Database.Implementations.Locking.NoLockBehavior: The database locking mode has been set to: NoLock.
[2026-10-09 18:41:48.429 +00:00] [INF] [4] Jellyfin.Server.Migrations.JellyfinMigrationService: Initialise Migration service.
[2026-10-09 18:41:48.433 +00:00] [INF] [4] Jellyfin.Server.Migrations.JellyfinMigrationService: System initialization detected. Seed data. Startup mode is: MediaServer
[2026-10-09 18:41:50.001 +00:00] [INF] [4] Jellyfin.Server.Migrations.JellyfinMigrationService: Seed migration 4124c2cd-e939-4ffb-9be9-9b311c413638-"DisableTranscodingThrottling".
[2026-10-09 18:41:50.009 +00:00] [INF] [4] Jellyfin.Server.Migrations.JellyfinMigrationService: Seed migration ef103419-8451-40d8-9f34-d1a8e93a1679-"CreateUserLoggingConfigFile".
[2026-10-09 18:41:50.014 +00:00] [INF] [4] Jellyfin.Server.Migrations.JellyfinMigrationService: Seed migration 3793eb59-bc8c-456c-8b9f-bd5a62a42978-"MigrateActivityLogDb".
[2026-10-09 18:41:50.024 +00:00] [INF] [4] Jellyfin.Server.Migrations.JellyfinMigrationService: Seed migration acbe17b7-8435-4a83-8b64-6fcf162cb9bd-"RemoveDuplicateExtras".
[2026-10-09 18:41:50.032 +00:00] [INF] [4] Jellyfin.Server.Migrations.JellyfinMigrationService: Seed migration 5c4b82a2-f053-4009-bd05-b6fcad82f14c-"MigrateUserDb".
[2026-10-09 18:41:50.037 +00:00] [INF] [4] Jellyfin.Server.Migrations.JellyfinMigrationService: Seed migration 06387815-c3cc-421f-a888-fb5f9992bea8-"MigrateDisplayPreferencesDb".
[2026-10-09 18:41:50.042 +00:00] [INF] [4] Jellyfin.Server.Migrations.JellyfinMigrationService: Seed migration a81f75e0-8f43-416f-a5e8-516ccab4d8cc-"RemoveDownloadImagesInAdvance".
[2026-10-09 18:41:50.046 +00:00] [INF] [4] Jellyfin.Server.Migrations.JellyfinMigrationService: Seed migration 5bd72f41-e6f3-4f60-90aa-09869abe0e22-"MigrateAuthenticationDb".
[2026-10-09 18:41:50.048 +00:00] [INF] [4] Jellyfin.Server.Migrations.JellyfinMigrationService: Seed migration 615dfa9e-2497-4dbb-a472-61938b752c5b-"FixPlaylistOwner".
[2026-10-09 18:41:50.057 +00:00] [INF] [4] Jellyfin.Server.Migrations.JellyfinMigrationService: Seed migration cf6fabc2-9fbe-4933-84a5-ffe52ef22a58-"FixAudioData".
[2026-10-09 18:41:50.060 +00:00] [INF] [4] Jellyfin.Server.Migrations.JellyfinMigrationService: Seed migration null-"MigrateLibraryDbCompatibilityCheck".
[2026-10-09 18:41:50.063 +00:00] [INF] [4] Jellyfin.Server.Migrations.JellyfinMigrationService: Seed migration null-"MigrateLibraryDb".
[2026-10-09 18:41:50.065 +00:00] [INF] [4] Jellyfin.Server.Migrations.JellyfinMigrationService: Seed migration null-"MoveExtractedFiles".
[2026-10-09 18:41:50.068 +00:00] [INF] [4] Jellyfin.Server.Migrations.JellyfinMigrationService: Seed migration null-"RefreshInternalDateModified".
[2026-10-09 18:41:50.070 +00:00] [INF] [4] Jellyfin.Server.Migrations.JellyfinMigrationService: Seed migration null-"MigrateKeyframeData".
[2026-10-09 18:41:50.073 +00:00] [INF] [4] Jellyfin.Server.Migrations.JellyfinMigrationService: Seed migration null-"MigrateLibraryUserData".
[2026-10-09 18:41:50.077 +00:00] [INF] [4] Jellyfin.Server.Migrations.JellyfinMigrationService: Seed migration null-"FixDates".
[2026-10-09 18:41:50.081 +00:00] [INF] [4] Jellyfin.Server.Migrations.JellyfinMigrationService: Seed migration null-"ReseedFolderFlag".
[2026-10-09 18:41:50.084 +00:00] [INF] [4] Jellyfin.Server.Migrations.JellyfinMigrationService: Seed migration null-"CleanMusicArtist".
[2026-10-09 18:41:50.086 +00:00] [INF] [4] Jellyfin.Server.Migrations.JellyfinMigrationService: Seed migration null-"MigrateLinkedChildren".
[2026-10-09 18:41:50.088 +00:00] [INF] [4] Jellyfin.Server.Migrations.JellyfinMigrationService: Seed migration null-"CleanupOrphanedExtras".
[2026-10-09 18:41:50.091 +00:00] [INF] [4] Jellyfin.Server.Migrations.JellyfinMigrationService: Seed migration null-"FixIncorrectOwnerIdRelationships".
[2026-10-09 18:41:50.099 +00:00] [INF] [4] Jellyfin.Server.Migrations.JellyfinMigrationService: Seed migration null-"FixLibrarySubtitleDownloadLanguages".
[2026-10-09 18:41:50.102 +00:00] [INF] [4] Jellyfin.Server.Migrations.JellyfinMigrationService: Seed migration null-"MigrateRatingLevels".
[2026-10-09 18:41:50.105 +00:00] [INF] [4] Jellyfin.Server.Migrations.JellyfinMigrationService: Seed migration null-"MergeDuplicateMusicArtists".
[2026-10-09 18:41:50.106 +00:00] [INF] [4] Jellyfin.Server.Migrations.JellyfinMigrationService: Seed migration null-"MergeDuplicatePeople".
[2026-10-09 18:41:50.109 +00:00] [INF] [4] Jellyfin.Server.Migrations.JellyfinMigrationService: Seed migration null-"CleanupOrphanedExternalData".
[2026-10-09 18:41:50.112 +00:00] [INF] [4] Jellyfin.Server.Migrations.JellyfinMigrationService: Seed migration null-"RefreshCleanNamesAndValues".
[2026-10-09 18:41:50.115 +00:00] [INF] [4] Jellyfin.Server.Migrations.JellyfinMigrationService: Seed migration null-"RefreshForcedSortNames".
[2026-10-09 18:41:50.121 +00:00] [INF] [4] Jellyfin.Server.Migrations.JellyfinMigrationService: Seed migration null-"RestorePlaylistChildrenFromMetadata".
[2026-10-09 18:41:50.124 +00:00] [INF] [4] Jellyfin.Server.Migrations.JellyfinMigrationService: Seed migration null-"RecomputeSeriesPresentationKey".
[2026-10-09 18:41:50.126 +00:00] [INF] [4] Jellyfin.Server.Migrations.JellyfinMigrationService: Seed migration null-"ConsolidateLocalizedUserViews".
[2026-10-09 18:41:50.131 +00:00] [INF] [4] Jellyfin.Server.Migrations.JellyfinMigrationService: Seed migration null-"EnableLocalSimilarityProviders".
[2026-10-09 18:41:50.134 +00:00] [INF] [4] Jellyfin.Server.Migrations.JellyfinMigrationService: Seed migration null-"UpdateNormalizedUsername".
[2026-10-09 18:41:50.140 +00:00] [INF] [4] Jellyfin.Server.Migrations.JellyfinMigrationService: Seed migration null-"DisableLegacyAuthorization".
[2026-10-09 18:41:50.142 +00:00] [INF] [4] Jellyfin.Server.Migrations.JellyfinMigrationService: Seed migration 9b354818-94d5-4b68-ac49-e35cb85f9d84-"CreateNetworkConfiguration".
[2026-10-09 18:41:50.144 +00:00] [INF] [4] Jellyfin.Server.Migrations.JellyfinMigrationService: Seed migration a8e61960-7726-4450-8f3d-82c12daabbcb-"MigrateEncodingOptions".
[2026-10-09 18:41:50.154 +00:00] [INF] [4] Jellyfin.Server.Migrations.JellyfinMigrationService: Seed migration a6dcacf4-c057-4ef9-80d3-61cef9ddb4f0-"MigrateMusicBrainzTimeout".
[2026-10-09 18:41:50.156 +00:00] [INF] [4] Jellyfin.Server.Migrations.JellyfinMigrationService: Seed migration 4fb5c950-1991-11ee-9b4b-0800200c9a66-"MigrateNetworkConfiguration".
[2026-10-09 18:41:50.160 +00:00] [INF] [4] Jellyfin.Server.Migrations.JellyfinMigrationService: Seed migration e73b777d-cd5c-4e71-957a-b86b3660b7cf-"RenameEnableGroupingIntoCollections".
[2026-10-09 18:41:50.195 +00:00] [INF] [4] Jellyfin.Server.Migrations.JellyfinMigrationService: Migration system initialisation completed.
[2026-10-09 18:41:50.224 +00:00] [INF] [4] Emby.Server.Implementations.AppBase.BaseConfigurationManager: Setting cache path: "/cache"
[2026-10-09 18:41:50.245 +00:00] [INF] [4] Emby.Server.Implementations.ApplicationHost: Loading assemblies
[2026-10-09 18:41:50.300 +00:00] [INF] [4] Jellyfin.Networking.Manager.NetworkManager: Defined LAN subnets: ["127.0.0.0/8", "10.0.0.0/8", "172.16.0.0/12", "192.168.0.0/16"]
[2026-10-09 18:41:50.301 +00:00] [INF] [4] Jellyfin.Networking.Manager.NetworkManager: Defined LAN exclusions: []
[2026-10-09 18:41:50.305 +00:00] [INF] [4] Jellyfin.Networking.Manager.NetworkManager: Used LAN subnets: ["127.0.0.0/8", "10.0.0.0/8", "172.16.0.0/12", "192.168.0.0/16"]
[2026-10-09 18:41:50.308 +00:00] [INF] [4] Jellyfin.Networking.Manager.NetworkManager: Filtered interface addresses: ["127.0.0.1", "172.20.0.2"]
[2026-10-09 18:41:50.310 +00:00] [INF] [4] Jellyfin.Networking.Manager.NetworkManager: Bind Addresses ["0.0.0.0"]
[2026-10-09 18:41:50.310 +00:00] [INF] [4] Jellyfin.Networking.Manager.NetworkManager: Remote IP filter is "Allowlist"
[2026-10-09 18:41:50.311 +00:00] [INF] [4] Jellyfin.Networking.Manager.NetworkManager: Filtered subnets: []
[2026-10-09 18:41:50.430 +00:00] [INF] [4] Jellyfin.Database.Providers.Sqlite.SqliteDatabaseProvider: SQLite connection string: "Data Source=/config/data/jellyfin.db;Cache=Private;Default Timeout=60;Pooling=True"
[2026-10-09 18:41:50.431 +00:00] [INF] [4] Jellyfin.Database.Providers.Sqlite.SqliteDatabaseProvider: SQLITE connection pragma command set to: 
"PRAGMA locking_mode=NORMAL;
PRAGMA journal_size_limit=134217728;
PRAGMA synchronous=1;
PRAGMA temp_store=2;
"
[2026-10-09 18:41:50.433 +00:00] [INF] [4] Jellyfin.Database.Implementations.Locking.NoLockBehavior: The database locking mode has been set to: NoLock.
[2026-10-09 18:41:50.508 +00:00] [INF] [4] Main: Prepare system for possible migrations
[2026-10-09 18:41:50.563 +00:00] [INF] [4] Main: A migration will attempt to modify the jellyfin.db, will attempt to backup the file now.
[2026-10-09 18:41:50.568 +00:00] [INF] [4] Main: Jellyfin database has been backed up as "20261009064150"
[2026-10-09 18:41:50.575 +00:00] [INF] [4] Jellyfin.Server.Migrations.JellyfinMigrationService: There are 55 migrations for stage CoreInitialisation.
[2026-10-09 18:41:50.579 +00:00] [INF] [4] InternalDatabaseMigration: Perform migration "20200514181226_AddActivityLog"
[2026-10-09 18:41:50.663 +00:00] [INF] [4] InternalDatabaseMigration: Migration "20200514181226_AddActivityLog" was successfully applied
[2026-10-09 18:41:50.668 +00:00] [INF] [4] InternalDatabaseMigration: Perform migration "20200613202153_AddUsers"
[2026-10-09 18:41:50.727 +00:00] [INF] [4] InternalDatabaseMigration: Migration "20200613202153_AddUsers" was successfully applied
[2026-10-09 18:41:50.731 +00:00] [INF] [4] InternalDatabaseMigration: Perform migration "20200728005145_AddDisplayPreferences"
[2026-10-09 18:41:50.768 +00:00] [INF] [4] InternalDatabaseMigration: Migration "20200728005145_AddDisplayPreferences" was successfully applied
[2026-10-09 18:41:50.772 +00:00] [INF] [4] InternalDatabaseMigration: Perform migration "20200905220533_FixDisplayPreferencesIndex"
[2026-10-09 18:41:50.792 +00:00] [INF] [4] InternalDatabaseMigration: Migration "20200905220533_FixDisplayPreferencesIndex" was successfully applied
[2026-10-09 18:41:50.796 +00:00] [INF] [4] InternalDatabaseMigration: Perform migration "20201004171403_AddMaxActiveSessions"
[2026-10-09 18:41:50.828 +00:00] [INF] [4] InternalDatabaseMigration: Migration "20201004171403_AddMaxActiveSessions" was successfully applied
[2026-10-09 18:41:50.834 +00:00] [INF] [4] InternalDatabaseMigration: Perform migration "20201204223655_AddCustomDisplayPreferences"
[2026-10-09 18:41:50.891 +00:00] [INF] [4] InternalDatabaseMigration: Migration "20201204223655_AddCustomDisplayPreferences" was successfully applied
[2026-10-09 18:41:50.896 +00:00] [INF] [4] InternalDatabaseMigration: Perform migration "20210320181425_AddIndexesAndCollations"
[2026-10-09 18:41:50.937 +00:00] [WRN] [4] Microsoft.EntityFrameworkCore.Migrations: An operation of type '"SqlOperation"' will be attempted while a rebuild of table '"ImageInfos"' is pending. The database may not be in an expected state. Review the SQL generated by this migration to help diagnose any failures. Consider moving these operations to a subsequent migration.
[2026-10-09 18:41:50.938 +00:00] [WRN] [4] Microsoft.EntityFrameworkCore.Migrations: An operation of type '"SqlOperation"' will be attempted while a rebuild of table '"ImageInfos"' is pending. The database may not be in an expected state. Review the SQL generated by this migration to help diagnose any failures. Consider moving these operations to a subsequent migration.
[2026-10-09 18:41:50.941 +00:00] [WRN] [4] Microsoft.EntityFrameworkCore.Migrations: An operation of type '"SqlOperation"' will be attempted while a rebuild of table '"Permissions"' is pending. The database may not be in an expected state. Review the SQL generated by this migration to help diagnose any failures. Consider moving these operations to a subsequent migration.
[2026-10-09 18:41:50.941 +00:00] [WRN] [4] Microsoft.EntityFrameworkCore.Migrations: An operation of type '"SqlOperation"' will be attempted while a rebuild of table '"Permissions"' is pending. The database may not be in an expected state. Review the SQL generated by this migration to help diagnose any failures. Consider moving these operations to a subsequent migration.
[2026-10-09 18:41:50.942 +00:00] [WRN] [4] Microsoft.EntityFrameworkCore.Migrations: An operation of type '"SqlOperation"' will be attempted while a rebuild of table '"Preferences"' is pending. The database may not be in an expected state. Review the SQL generated by this migration to help diagnose any failures. Consider moving these operations to a subsequent migration.
[2026-10-09 18:41:50.942 +00:00] [WRN] [4] Microsoft.EntityFrameworkCore.Migrations: An operation of type '"SqlOperation"' will be attempted while a rebuild of table '"Preferences"' is pending. The database may not be in an expected state. Review the SQL generated by this migration to help diagnose any failures. Consider moving these operations to a subsequent migration.
[2026-10-09 18:41:50.943 +00:00] [WRN] [4] Microsoft.EntityFrameworkCore.Migrations: An operation of type '"SqlOperation"' will be attempted while a rebuild of table '"Users"' is pending. The database may not be in an expected state. Review the SQL generated by this migration to help diagnose any failures. Consider moving these operations to a subsequent migration.
[2026-10-09 18:41:50.943 +00:00] [WRN] [4] Microsoft.EntityFrameworkCore.Migrations: An operation of type '"SqlOperation"' will be attempted while a rebuild of table '"Users"' is pending. The database may not be in an expected state. Review the SQL generated by this migration to help diagnose any failures. Consider moving these operations to a subsequent migration.
[2026-10-09 18:41:51.001 +00:00] [INF] [4] InternalDatabaseMigration: Migration "20210320181425_AddIndexesAndCollations" was successfully applied
[2026-10-09 18:41:51.006 +00:00] [INF] [4] InternalDatabaseMigration: Perform migration "20210407110544_NullableCustomPrefValue"
[2026-10-09 18:41:51.044 +00:00] [INF] [4] InternalDatabaseMigration: Migration "20210407110544_NullableCustomPrefValue" was successfully applied
[2026-10-09 18:41:51.053 +00:00] [INF] [4] InternalDatabaseMigration: Perform migration "20210814002109_AddDevices"
[2026-10-09 18:41:51.090 +00:00] [INF] [4] InternalDatabaseMigration: Migration "20210814002109_AddDevices" was successfully applied
[2026-10-09 18:41:51.093 +00:00] [INF] [4] InternalDatabaseMigration: Perform migration "20221022080052_AddIndexActivityLogsDateCreated"
[2026-10-09 18:41:51.122 +00:00] [INF] [4] InternalDatabaseMigration: Migration "20221022080052_AddIndexActivityLogsDateCreated" was successfully applied
[2026-10-09 18:41:51.127 +00:00] [INF] [4] InternalDatabaseMigration: Perform migration "20230526173516_RemoveEasyPassword"
[2026-10-09 18:41:51.205 +00:00] [INF] [4] InternalDatabaseMigration: Migration "20230526173516_RemoveEasyPassword" was successfully applied
[2026-10-09 18:41:51.213 +00:00] [INF] [4] InternalDatabaseMigration: Perform migration "20230626233818_AddTrickplayInfos"
[2026-10-09 18:41:51.259 +00:00] [INF] [4] InternalDatabaseMigration: Migration "20230626233818_AddTrickplayInfos" was successfully applied
[2026-10-09 18:41:51.267 +00:00] [INF] [4] InternalDatabaseMigration: Perform migration "20230923170422_UserCastReceiver"
[2026-10-09 18:41:51.294 +00:00] [INF] [4] InternalDatabaseMigration: Migration "20230923170422_UserCastReceiver" was successfully applied
[2026-10-09 18:41:51.302 +00:00] [INF] [4] InternalDatabaseMigration: Perform migration "20240729140605_AddMediaSegments"
[2026-10-09 18:41:51.361 +00:00] [INF] [4] InternalDatabaseMigration: Migration "20240729140605_AddMediaSegments" was successfully applied
[2026-10-09 18:41:51.368 +00:00] [INF] [4] InternalDatabaseMigration: Perform migration "20240928082930_MarkSegmentProviderIdNonNullable"
[2026-10-09 18:41:51.407 +00:00] [INF] [4] InternalDatabaseMigration: Migration "20240928082930_MarkSegmentProviderIdNonNullable" was successfully applied
[2026-10-09 18:41:51.410 +00:00] [INF] [4] InternalDatabaseMigration: Perform migration "20241020103111_LibraryDbMigration"
[2026-10-09 18:41:51.526 +00:00] [INF] [4] InternalDatabaseMigration: Migration "20241020103111_LibraryDbMigration" was successfully applied
[2026-10-09 18:41:51.534 +00:00] [INF] [4] InternalDatabaseMigration: Perform migration "20241111131257_AddedCustomDataKey"
[2026-10-09 18:41:51.602 +00:00] [INF] [4] InternalDatabaseMigration: Migration "20241111131257_AddedCustomDataKey" was successfully applied
[2026-10-09 18:41:51.607 +00:00] [INF] [4] InternalDatabaseMigration: Perform migration "20241111135439_AddedCustomDataKeyKey"
[2026-10-09 18:41:51.690 +00:00] [INF] [4] InternalDatabaseMigration: Migration "20241111135439_AddedCustomDataKeyKey" was successfully applied
[2026-10-09 18:41:51.697 +00:00] [INF] [4] InternalDatabaseMigration: Perform migration "20241112152323_FixAncestorIdConfig"
[2026-10-09 18:41:51.785 +00:00] [INF] [4] InternalDatabaseMigration: Migration "20241112152323_FixAncestorIdConfig" was successfully applied
[2026-10-09 18:41:51.796 +00:00] [INF] [4] InternalDatabaseMigration: Perform migration "20241112232041_FixMediaStreams"
[2026-10-09 18:41:51.875 +00:00] [INF] [4] InternalDatabaseMigration: Migration "20241112232041_FixMediaStreams" was successfully applied
[2026-10-09 18:41:51.882 +00:00] [INF] [4] InternalDatabaseMigration: Perform migration "20241112234144_FixMediaStreams2"
[2026-10-09 18:41:51.975 +00:00] [INF] [4] InternalDatabaseMigration: Migration "20241112234144_FixMediaStreams2" was successfully applied
[2026-10-09 18:41:51.982 +00:00] [INF] [4] InternalDatabaseMigration: Perform migration "20241113133548_EnforceUniqueItemValue"
[2026-10-09 18:41:52.038 +00:00] [INF] [4] InternalDatabaseMigration: Migration "20241113133548_EnforceUniqueItemValue" was successfully applied
[2026-10-09 18:41:52.048 +00:00] [INF] [4] InternalDatabaseMigration: Perform migration "20250202021306_FixedCollation"
[2026-10-09 18:41:52.137 +00:00] [INF] [4] InternalDatabaseMigration: Migration "20250202021306_FixedCollation" was successfully applied
[2026-10-09 18:41:52.144 +00:00] [INF] [4] InternalDatabaseMigration: Perform migration "20250204092455_MakeStartEndDateNullable"
[2026-10-09 18:41:52.248 +00:00] [INF] [4] InternalDatabaseMigration: Migration "20250204092455_MakeStartEndDateNullable" was successfully applied
[2026-10-09 18:41:52.258 +00:00] [INF] [4] InternalDatabaseMigration: Perform migration "20250214031148_ChannelIdGuid"
[2026-10-09 18:41:52.313 +00:00] [INF] [4] InternalDatabaseMigration: Migration "20250214031148_ChannelIdGuid" was successfully applied
[2026-10-09 18:41:52.319 +00:00] [INF] [4] InternalDatabaseMigration: Perform migration "20250326065026_AddInheritedParentalRatingSubValue"
[2026-10-09 18:41:52.373 +00:00] [INF] [4] InternalDatabaseMigration: Migration "20250326065026_AddInheritedParentalRatingSubValue" was successfully applied
[2026-10-09 18:41:52.377 +00:00] [INF] [4] InternalDatabaseMigration: Perform migration "20250327101120_AddKeyframeData"
[2026-10-09 18:41:52.421 +00:00] [INF] [4] InternalDatabaseMigration: Migration "20250327101120_AddKeyframeData" was successfully applied
[2026-10-09 18:41:52.427 +00:00] [INF] [4] InternalDatabaseMigration: Perform migration "20250327171413_AddHdr10PlusFlag"
[2026-10-09 18:41:52.470 +00:00] [INF] [4] InternalDatabaseMigration: Migration "20250327171413_AddHdr10PlusFlag" was successfully applied
[2026-10-09 18:41:52.475 +00:00] [INF] [4] InternalDatabaseMigration: Perform migration "20250331182844_FixAttachmentMigration"
[2026-10-09 18:41:52.549 +00:00] [INF] [4] InternalDatabaseMigration: Migration "20250331182844_FixAttachmentMigration" was successfully applied
[2026-10-09 18:41:52.553 +00:00] [INF] [4] InternalDatabaseMigration: Perform migration "20250401142247_FixAncestors"
[2026-10-09 18:41:52.593 +00:00] [INF] [4] InternalDatabaseMigration: Migration "20250401142247_FixAncestors" was successfully applied
[2026-10-09 18:41:52.596 +00:00] [INF] [4] InternalDatabaseMigration: Perform migration "20250405075612_FixItemValuesIndices"
[2026-10-09 18:41:52.638 +00:00] [INF] [4] InternalDatabaseMigration: Migration "20250405075612_FixItemValuesIndices" was successfully applied
[2026-10-09 18:41:52.642 +00:00] [INF] [4] InternalDatabaseMigration: Perform migration "20250609115616_DetachUserDataInsteadOfDelete"
[2026-10-09 18:41:52.724 +00:00] [INF] [4] InternalDatabaseMigration: Migration "20250609115616_DetachUserDataInsteadOfDelete" was successfully applied
[2026-10-09 18:41:52.736 +00:00] [INF] [4] InternalDatabaseMigration: Perform migration "20250622170802_BaseItemImageInfoDateModifiedNullable"
[2026-10-09 18:41:52.823 +00:00] [INF] [4] InternalDatabaseMigration: Migration "20250622170802_BaseItemImageInfoDateModifiedNullable" was successfully applied
[2026-10-09 18:41:52.830 +00:00] [INF] [4] InternalDatabaseMigration: Perform migration "20250714044826_ResetJournalMode"
[2026-10-09 18:41:52.887 +00:00] [INF] [4] InternalDatabaseMigration: Migration "20250714044826_ResetJournalMode" was successfully applied
[2026-10-09 18:41:52.894 +00:00] [INF] [4] InternalDatabaseMigration: Perform migration "20250913211637_AddProperParentChildRelationBaseItemWithCascade"
[2026-10-09 18:41:53.008 +00:00] [INF] [4] InternalDatabaseMigration: Migration "20250913211637_AddProperParentChildRelationBaseItemWithCascade" was successfully applied
[2026-10-09 18:41:53.019 +00:00] [INF] [4] InternalDatabaseMigration: Perform migration "20250925203415_ExtendPeopleMapKey"
[2026-10-09 18:41:53.110 +00:00] [INF] [4] InternalDatabaseMigration: Migration "20250925203415_ExtendPeopleMapKey" was successfully applied
[2026-10-09 18:41:53.123 +00:00] [INF] [4] InternalDatabaseMigration: Perform migration "20260113102337_AddLinkedChildrenTable"
[2026-10-09 18:41:53.196 +00:00] [INF] [4] InternalDatabaseMigration: Migration "20260113102337_AddLinkedChildrenTable" was successfully applied
[2026-10-09 18:41:53.213 +00:00] [INF] [4] InternalDatabaseMigration: Perform migration "20260113203012_ChangeOwnerIdToGuid"
[2026-10-09 18:41:53.375 +00:00] [INF] [4] InternalDatabaseMigration: Migration "20260113203012_ChangeOwnerIdToGuid" was successfully applied
[2026-10-09 18:41:53.390 +00:00] [INF] [4] InternalDatabaseMigration: Perform migration "20260113233000_AddForeignKeyToOwnerId"
[2026-10-09 18:41:53.478 +00:00] [WRN] [4] Microsoft.EntityFrameworkCore.Migrations: An operation of type '"SqlOperation"' will be attempted while a rebuild of table '"BaseItems"' is pending. The database may not be in an expected state. Review the SQL generated by this migration to help diagnose any failures. Consider moving these operations to a subsequent migration.
[2026-10-09 18:41:53.478 +00:00] [WRN] [4] Microsoft.EntityFrameworkCore.Migrations: An operation of type '"UpdateDataOperation"' will be attempted while a rebuild of table '"BaseItems"' is pending. The database may not be in an expected state. Review the SQL generated by this migration to help diagnose any failures. Consider moving these operations to a subsequent migration.
[2026-10-09 18:41:53.558 +00:00] [INF] [4] InternalDatabaseMigration: Migration "20260113233000_AddForeignKeyToOwnerId" was successfully applied
[2026-10-09 18:41:53.568 +00:00] [INF] [4] InternalDatabaseMigration: Perform migration "20260113233500_DropExtraIdsColumn"
[2026-10-09 18:41:53.710 +00:00] [INF] [4] InternalDatabaseMigration: Migration "20260113233500_DropExtraIdsColumn" was successfully applied
[2026-10-09 18:41:53.717 +00:00] [INF] [4] InternalDatabaseMigration: Perform migration "20260116114245_AddLatestItemsDateCreatedIndexes"
[2026-10-09 18:41:53.776 +00:00] [INF] [4] InternalDatabaseMigration: Migration "20260116114245_AddLatestItemsDateCreatedIndexes" was successfully applied
[2026-10-09 18:41:53.783 +00:00] [INF] [4] InternalDatabaseMigration: Perform migration "20260118182305_AddIndicesToImageInfo"
[2026-10-09 18:41:53.832 +00:00] [INF] [4] InternalDatabaseMigration: Migration "20260118182305_AddIndicesToImageInfo" was successfully applied
[2026-10-09 18:41:53.837 +00:00] [INF] [4] InternalDatabaseMigration: Perform migration "20260130232147_AddBaseItemNameIndex"
[2026-10-09 18:41:53.893 +00:00] [INF] [4] InternalDatabaseMigration: Migration "20260130232147_AddBaseItemNameIndex" was successfully applied
[2026-10-09 18:41:53.903 +00:00] [INF] [4] InternalDatabaseMigration: Perform migration "20260206224832_IndexOptimizations"
[2026-10-09 18:41:54.042 +00:00] [INF] [4] InternalDatabaseMigration: Migration "20260206224832_IndexOptimizations" was successfully applied
[2026-10-09 18:41:54.048 +00:00] [INF] [4] InternalDatabaseMigration: Perform migration "20260215201634_ChangePrimaryVersionIdToGuid"
[2026-10-09 18:41:54.111 +00:00] [INF] [4] InternalDatabaseMigration: Migration "20260215201634_ChangePrimaryVersionIdToGuid" was successfully applied
[2026-10-09 18:41:54.119 +00:00] [INF] [4] InternalDatabaseMigration: Perform migration "20260308123920_AddTypeCleanNameIndex"
[2026-10-09 18:41:54.174 +00:00] [INF] [4] InternalDatabaseMigration: Migration "20260308123920_AddTypeCleanNameIndex" was successfully applied
[2026-10-09 18:41:54.184 +00:00] [INF] [4] InternalDatabaseMigration: Perform migration "20260504075755_AddPartialIndexForItemCounts"
[2026-10-09 18:41:54.243 +00:00] [INF] [4] InternalDatabaseMigration: Migration "20260504075755_AddPartialIndexForItemCounts" was successfully applied
[2026-10-09 18:41:54.248 +00:00] [INF] [4] InternalDatabaseMigration: Perform migration "20260522092303_AddNormalizedUsername"
[2026-10-09 18:41:54.301 +00:00] [INF] [4] InternalDatabaseMigration: Migration "20260522092303_AddNormalizedUsername" was successfully applied
[2026-10-09 18:41:54.308 +00:00] [INF] [4] InternalDatabaseMigration: Perform migration "20260524120336_AddUniqueNormalizedUsernameIndex"
[2026-10-09 18:41:54.368 +00:00] [INF] [4] InternalDatabaseMigration: Migration "20260524120336_AddUniqueNormalizedUsernameIndex" was successfully applied
[2026-10-09 18:41:54.377 +00:00] [INF] [4] InternalDatabaseMigration: Perform migration "20260723111547_AllowDuplicatePlaylistChildren"
[2026-10-09 18:41:54.467 +00:00] [INF] [4] InternalDatabaseMigration: Migration "20260723111547_AllowDuplicatePlaylistChildren" was successfully applied
[2026-10-09 18:41:54.473 +00:00] [INF] [4] InternalDatabaseMigration: Perform migration "20260724185102_AddPrimaryVersionIdIndex"
[2026-10-09 18:41:54.538 +00:00] [INF] [4] InternalDatabaseMigration: Migration "20260724185102_AddPrimaryVersionIdIndex" was successfully applied
[2026-10-09 18:41:54.544 +00:00] [INF] [4] InternalDatabaseMigration: Perform migration "20260728170000_AddPeopleNameLowerIndex"
[2026-10-09 18:41:54.602 +00:00] [INF] [4] InternalDatabaseMigration: Migration "20260728170000_AddPeopleNameLowerIndex" was successfully applied
[2026-10-09 18:41:54.609 +00:00] [INF] [4] InternalDatabaseMigration: Perform migration "20260728182152_AddPeopleItemMapCoveringIndex"
[2026-10-09 18:41:54.660 +00:00] [INF] [4] InternalDatabaseMigration: Migration "20260728182152_AddPeopleItemMapCoveringIndex" was successfully applied
[2026-10-09 18:41:54.670 +00:00] [INF] [4] InternalDatabaseMigration: Perform migration "20260812050902_AddMediaStreamFilterIndex"
[2026-10-09 18:41:54.727 +00:00] [INF] [4] InternalDatabaseMigration: Migration "20260812050902_AddMediaStreamFilterIndex" was successfully applied
[2026-10-09 18:41:54.733 +00:00] [INF] [4] InternalDatabaseMigration: Perform migration "20260815063607_RemoveOrphanedUserPermissionsAndPreferences"
[2026-10-09 18:41:54.841 +00:00] [INF] [4] InternalDatabaseMigration: Migration "20260815063607_RemoveOrphanedUserPermissionsAndPreferences" was successfully applied
[2026-10-09 18:41:55.015 +00:00] [INF] [4] Emby.Server.Implementations.AppBase.BaseConfigurationManager: Saving system configuration
[2026-10-09 18:41:55.020 +00:00] [INF] [4] Emby.Server.Implementations.AppBase.BaseConfigurationManager: Setting cache path: "/cache"
[2026-10-09 18:41:55.039 +00:00] [INF] [4] Emby.Server.Implementations.Plugins.PluginManager: Loaded plugin: "TMDb" "12.0.0.0"
[2026-10-09 18:41:55.042 +00:00] [INF] [4] Emby.Server.Implementations.Plugins.PluginManager: Loaded plugin: "Studio Images" "12.0.0.0"
[2026-10-09 18:41:55.043 +00:00] [INF] [4] Emby.Server.Implementations.Plugins.PluginManager: Loaded plugin: "OMDb" "12.0.0.0"
[2026-10-09 18:41:55.072 +00:00] [INF] [4] Emby.Server.Implementations.Plugins.PluginManager: Loaded plugin: "MusicBrainz" "12.0.0.0"
[2026-10-09 18:41:55.073 +00:00] [INF] [4] Emby.Server.Implementations.Plugins.PluginManager: Loaded plugin: "ListenBrainz Similarity Provider" "12.0.0.0"
[2026-10-09 18:41:55.075 +00:00] [INF] [4] Emby.Server.Implementations.Plugins.PluginManager: Loaded plugin: "AudioDB" "12.0.0.0"
[2026-10-09 18:41:55.151 +00:00] [INF] [4] Emby.Server.Implementations.Library.Search.SearchManager: Registered 0 external search providers: "". Fallback providers: "Database (priority 100)"
[2026-10-09 18:41:55.165 +00:00] [INF] [4] Jellyfin.Server.Migrations.JellyfinMigrationService: There are 5 migrations for stage AppInitialisation.
[2026-10-09 18:41:55.166 +00:00] [INF] [4] InternalCodeMigration: Perform migration "20250420090000_AddDefaultPluginRepository"
[2026-10-09 18:41:55.172 +00:00] [INF] [4] Emby.Server.Implementations.AppBase.BaseConfigurationManager: Saving system configuration
[2026-10-09 18:41:55.177 +00:00] [INF] [4] Emby.Server.Implementations.AppBase.BaseConfigurationManager: Setting cache path: "/cache"
[2026-10-09 18:41:55.181 +00:00] [INF] [4] InternalCodeMigration: Migration "20250420090000_AddDefaultPluginRepository" was successfully applied
[2026-10-09 18:41:55.193 +00:00] [INF] [4] InternalCodeMigration: Perform migration "20250420110000_ReaddDefaultPluginRepository"
[2026-10-09 18:41:55.196 +00:00] [INF] [4] InternalCodeMigration: Migration "20250420110000_ReaddDefaultPluginRepository" was successfully applied
[2026-10-09 18:41:55.205 +00:00] [INF] [4] InternalCodeMigration: Perform migration "20250420160000_AddDefaultCastReceivers"
[2026-10-09 18:41:55.207 +00:00] [INF] [4] Emby.Server.Implementations.AppBase.BaseConfigurationManager: Saving system configuration
[2026-10-09 18:41:55.211 +00:00] [INF] [4] Emby.Server.Implementations.AppBase.BaseConfigurationManager: Setting cache path: "/cache"
[2026-10-09 18:41:55.215 +00:00] [INF] [4] InternalCodeMigration: Migration "20250420160000_AddDefaultCastReceivers" was successfully applied
[2026-10-09 18:41:55.224 +00:00] [INF] [4] InternalCodeMigration: Perform migration "20250420170000_UpdateDefaultPluginRepository"
[2026-10-09 18:41:55.226 +00:00] [INF] [4] Emby.Server.Implementations.AppBase.BaseConfigurationManager: Saving system configuration
[2026-10-09 18:41:55.228 +00:00] [INF] [4] Emby.Server.Implementations.AppBase.BaseConfigurationManager: Setting cache path: "/cache"
[2026-10-09 18:41:55.234 +00:00] [INF] [4] InternalCodeMigration: Migration "20250420170000_UpdateDefaultPluginRepository" was successfully applied
[2026-10-09 18:41:55.242 +00:00] [INF] [4] InternalCodeMigration: Perform migration "20250420230000_MoveTrickplayFiles"
[2026-10-09 18:41:55.924 +00:00] [INF] [4] Jellyfin.Server.Migrations.Routines.MoveTrickplayFiles: Checked: 5000 - Moved: 0 - Time: 00:00:00.6772114
[2026-10-09 18:41:55.924 +00:00] [INF] [4] Jellyfin.Server.Migrations.Routines.MoveTrickplayFiles: Moved 0 items in 00:00:00.6779373
[2026-10-09 18:41:55.928 +00:00] [INF] [4] InternalCodeMigration: Migration "20250420230000_MoveTrickplayFiles" was successfully applied
[2026-10-09 18:41:55.942 +00:00] [INF] [4] Main: Attempt to cleanup JellyfinDb backup.
[2026-10-09 18:41:55.945 +00:00] [INF] [4] Main: Migrations have been applied, optimizing the database... This might take a while
[2026-10-09 18:41:56.135 +00:00] [INF] [4] Jellyfin.Database.Providers.Sqlite.SqliteDatabaseProvider: jellyfin.db optimized successfully!
[2026-10-09 18:41:56.187 +00:00] [INF] [4] Main: Kestrel is listening on "0.0.0.0"
[2026-10-09 18:41:56.891 +00:00] [WRN] [4] Microsoft.AspNetCore.StaticFiles.StaticFileMiddleware: The WebRootPath was not found: "/wwwroot". Static files may be unavailable.
[2026-10-09 18:41:57.638 +00:00] [INF] [4] Emby.Server.Implementations.ApplicationHost: Running startup tasks
[2026-10-09 18:41:57.744 +00:00] [INF] [4] Emby.Server.Implementations.ScheduledTasks.TaskManager: Daily trigger for "Generate Trickplay Images" set to fire at 2026-10-10 03:00:00.000 +00:00, which is 08:18:02.2554618 from now.
[2026-10-09 18:41:57.755 +00:00] [INF] [4] Emby.Server.Implementations.ScheduledTasks.TaskManager: Daily trigger for "Extract Chapter Images" set to fire at 2026-10-10 02:00:00.000 +00:00, which is 07:18:02.2448605 from now.
[2026-10-09 18:41:57.809 +00:00] [INF] [4] MediaBrowser.MediaEncoding.Encoder.MediaEncoder: Found ffmpeg version "8.1.2"
[2026-10-09 18:41:57.875 +00:00] [INF] [4] MediaBrowser.MediaEncoding.Encoder.MediaEncoder: Available "decoders": ["libdav1d", "av1", "av1_cuvid", "av1_qsv", "h264", "h264_qsv", "h264_cuvid", "hevc", "hevc_qsv", "hevc_cuvid", "mpeg2video", "mpeg2_qsv", "mpeg2_cuvid", "mpeg4", "mpeg4_cuvid", "msmpeg4", "vc1_qsv", "vc1_cuvid", "vp8", "libvpx", "vp8_cuvid", "vp8_qsv", "vp9", "libvpx-vp9", "vp9_cuvid", "vp9_qsv", "aac", "ac3", "ac4", "dca", "flac", "mp3", "truehd"]
[2026-10-09 18:41:57.898 +00:00] [INF] [4] MediaBrowser.MediaEncoding.Encoder.MediaEncoder: Available "encoders": ["libsvtav1", "av1_nvenc", "av1_qsv", "av1_amf", "av1_vaapi", "libx264", "h264_amf", "h264_nvenc", "h264_qsv", "h264_v4l2m2m", "h264_vaapi", "libx265", "hevc_amf", "hevc_nvenc", "hevc_qsv", "hevc_vaapi", "mjpeg_qsv", "mjpeg_vaapi", "aac", "libfdk_aac", "ac3", "alac", "dca", "flac", "libmp3lame", "libopus", "truehd", "libvorbis", "srt"]
[2026-10-09 18:41:57.923 +00:00] [INF] [4] MediaBrowser.MediaEncoding.Encoder.MediaEncoder: Available filters: ["bwdif_cuda", "bwdif_opencl", "deinterlace_qsv", "deinterlace_vaapi", "flip_vulkan", "hwupload_cuda", "hwupload_vaapi", "libplacebo", "overlay_opencl", "overlay_qsv", "overlay_vaapi", "overlay_vulkan", "overlay_cuda", "procamp_vaapi", "scale_cuda", "scale_opencl", "scale_qsv", "scale_vaapi", "scale_vulkan", "tonemapx", "tonemap_cuda", "tonemap_opencl", "tonemap_vaapi", "transpose_cuda", "transpose_opencl", "transpose_vaapi", "transpose_vulkan", "vpp_qsv", "yadif_cuda", "yadif_opencl", "zscale", "alphasrc"]
[2026-10-09 18:41:58.208 +00:00] [INF] [4] MediaBrowser.MediaEncoding.Encoder.MediaEncoder: Available hwaccel types: ["cuda", "vaapi", "qsv", "drm", "opencl", "vulkan", "amf"]
[2026-10-09 18:42:00.790 +00:00] [INF] [6] Emby.Server.Implementations.ScheduledTasks.TaskManager: "Clean Transcode Directory" Completed after 0 minute(s) and 0 seconds
[2026-10-09 18:42:02.514 +00:00] [INF] [4] MediaBrowser.MediaEncoding.Encoder.MediaEncoder: FFmpeg: "/usr/lib/jellyfin-ffmpeg/ffmpeg"
[2026-10-09 18:42:02.525 +00:00] [INF] [4] Emby.Server.Implementations.ApplicationHost: ServerId: "2b0aaabff6694eb18cb9a52d7ad11157"
[2026-10-09 18:42:02.526 +00:00] [INF] [4] Emby.Server.Implementations.ApplicationHost: Core startup complete
[2026-10-09 18:42:02.526 +00:00] [INF] [4] Main: Startup complete 0:00:14.8851516
[2026-10-09 18:42:03.067 +00:00] [INF] [4] Jellyfin.Api.Auth.CustomAuthenticationHandler: "CustomAuthentication" was not authenticated. Failure message: "Invalid token."
[2026-10-09 18:42:03.308 +00:00] [ERR] [4] Jellyfin.Api.Middleware.ExceptionMiddleware: Error processing request: "Invalid token". URL "GET" "/socket".
[2026-10-09 18:42:03.616 +00:00] [INF] [20] Emby.Server.Implementations.ScheduledTasks.TaskManager: "Update Plugins" Completed after 0 minute(s) and 2 seconds
[2026-10-09 18:42:12.784 +00:00] [INF] [20] Jellyfin.Api.Auth.CustomAuthenticationHandler: "CustomAuthentication" was not authenticated. Failure message: "Invalid token."
[2026-10-09 18:42:15.964 +00:00] [ERR] [20] Jellyfin.Api.Middleware.ExceptionMiddleware: Error processing request: "Token is required". URL "GET" "/socket".
[2026-10-09 18:42:16.981 +00:00] [ERR] [6] Jellyfin.Api.Middleware.ExceptionMiddleware: Error processing request: "Token is required". URL "GET" "/socket".
[2026-10-09 18:42:18.491 +00:00] [ERR] [6] Jellyfin.Api.Middleware.ExceptionMiddleware: Error processing request: "Token is required". URL "GET" "/socket".
[2026-10-09 18:42:20.751 +00:00] [ERR] [6] Jellyfin.Api.Middleware.ExceptionMiddleware: Error processing request: "Token is required". URL "GET" "/socket".
[2026-10-09 18:42:21.361 +00:00] [INF] [4] Emby.Server.Implementations.AppBase.BaseConfigurationManager: Saving system configuration
[2026-10-09 18:42:21.368 +00:00] [INF] [4] Emby.Server.Implementations.AppBase.BaseConfigurationManager: Setting cache path: "/cache"
[2026-10-09 18:42:21.427 +00:00] [WRN] [4] Jellyfin.Server.Implementations.Users.UserManager: No users, creating one with username "root"
[2026-10-09 18:42:21.730 +00:00] [WRN] [4] Microsoft.EntityFrameworkCore.Query: The query uses the 'First'/'FirstOrDefault' operator without 'OrderBy' and filter operators. This may lead to unpredictable results.
[2026-10-09 18:42:24.145 +00:00] [ERR] [4] Jellyfin.Api.Middleware.ExceptionMiddleware: Error processing request: "Token is required". URL "GET" "/socket".
[2026-10-09 18:42:29.219 +00:00] [ERR] [18] Jellyfin.Api.Middleware.ExceptionMiddleware: Error processing request: "Token is required". URL "GET" "/socket".
[2026-10-09 18:42:36.828 +00:00] [ERR] [21] Jellyfin.Api.Middleware.ExceptionMiddleware: Error processing request: "Token is required". URL "GET" "/socket".
[2026-10-09 18:42:48.231 +00:00] [ERR] [21] Jellyfin.Api.Middleware.ExceptionMiddleware: Error processing request: "Token is required". URL "GET" "/socket".
[2026-10-09 18:42:54.717 +00:00] [ERR] [21] Jellyfin.Api.Middleware.ExceptionMiddleware: Error processing request: "Token is required". URL "GET" "/socket".
[2026-10-09 18:43:05.333 +00:00] [ERR] [18] Jellyfin.Api.Middleware.ExceptionMiddleware: Error processing request: "Token is required". URL "GET" "/socket".
[2026-10-09 18:43:20.382 +00:00] [ERR] [22] Jellyfin.Api.Middleware.ExceptionMiddleware: Error processing request: "Token is required". URL "GET" "/socket".
[2026-10-09 18:43:41.122 +00:00] [WRN] [22] MediaBrowser.Controller.Entities.BaseItem: Library folder "/config/data/playlists" is inaccessible or empty, skipping
[2026-10-09 18:43:42.453 +00:00] [INF] [21] Emby.Server.Implementations.IO.LibraryMonitor: Watching directory "/media/Movies"
[2026-10-09 18:43:42.703 +00:00] [ERR] [21] Jellyfin.Api.Middleware.ExceptionMiddleware: Error processing request: "Token is required". URL "GET" "/socket".
[2026-10-09 18:43:43.861 +00:00] [ERR] [21] Jellyfin.Api.Middleware.ExceptionMiddleware: Error processing request: "Token is required". URL "GET" "/socket".
[2026-10-09 18:43:50.227 +00:00] [INF] [21] Emby.Server.Implementations.AppBase.BaseConfigurationManager: Saving system configuration
[2026-10-09 18:43:50.515 +00:00] [INF] [21] Emby.Server.Implementations.AppBase.BaseConfigurationManager: Setting cache path: "/cache"
[2026-10-09 18:43:54.688 +00:00] [INF] [26] Jellyfin.Networking.Manager.NetworkManager: Defined LAN subnets: ["127.0.0.0/8", "10.0.0.0/8", "172.16.0.0/12", "192.168.0.0/16"]
[2026-10-09 18:43:54.688 +00:00] [INF] [26] Jellyfin.Networking.Manager.NetworkManager: Defined LAN exclusions: []
[2026-10-09 18:43:54.689 +00:00] [INF] [26] Jellyfin.Networking.Manager.NetworkManager: Used LAN subnets: ["127.0.0.0/8", "10.0.0.0/8", "172.16.0.0/12", "192.168.0.0/16"]
[2026-10-09 18:43:54.689 +00:00] [INF] [26] Jellyfin.Networking.Manager.NetworkManager: Filtered interface addresses: ["127.0.0.1", "172.20.0.2"]
[2026-10-09 18:43:54.691 +00:00] [INF] [26] Jellyfin.Networking.Manager.NetworkManager: Bind Addresses ["0.0.0.0"]
[2026-10-09 18:43:54.691 +00:00] [INF] [26] Jellyfin.Networking.Manager.NetworkManager: Remote IP filter is "Allowlist"
[2026-10-09 18:43:54.692 +00:00] [INF] [26] Jellyfin.Networking.Manager.NetworkManager: Filtered subnets: []
[2026-10-09 18:43:56.350 +00:00] [INF] [26] Emby.Server.Implementations.AppBase.BaseConfigurationManager: Saving system configuration
[2026-10-09 18:43:56.488 +00:00] [INF] [26] Emby.Server.Implementations.AppBase.BaseConfigurationManager: Setting cache path: "/cache"
[2026-10-09 18:43:56.501 +00:00] [INF] [24] Emby.Server.Implementations.IO.LibraryMonitor: Stopping directory watching for path "/media/Movies"
[2026-10-09 18:43:56.511 +00:00] [INF] [24] Emby.Server.Implementations.Library.LibraryManager: Validating media library
[2026-10-09 18:43:56.570 +00:00] [WRN] [24] MediaBrowser.Controller.Entities.BaseItem: Library folder "/config/data/playlists" is inaccessible or empty, skipping
[2026-10-09 18:43:56.619 +00:00] [WRN] [24] MediaBrowser.Controller.Entities.BaseItem: Library folder "/config/data/playlists" is inaccessible or empty, skipping
[2026-10-09 18:43:57.127 +00:00] [ERR] [22] Jellyfin.Api.Middleware.ExceptionMiddleware: Error processing request: "Token is required". URL "GET" "/socket".
[2026-10-09 18:43:57.156 +00:00] [INF] [25] Jellyfin.Api.Auth.CustomAuthenticationHandler: "CustomAuthentication" was not authenticated. Failure message: "Invalid token."
[2026-10-09 18:43:58.280 +00:00] [ERR] [24] Jellyfin.Api.Middleware.ExceptionMiddleware: Error processing request: "Token is required". URL "GET" "/socket".
[2026-10-09 18:43:59.925 +00:00] [ERR] [21] Jellyfin.Api.Middleware.ExceptionMiddleware: Error processing request: "Token is required". URL "GET" "/socket".
[2026-10-09 18:44:02.267 +00:00] [ERR] [21] Jellyfin.Api.Middleware.ExceptionMiddleware: Error processing request: "Token is required". URL "GET" "/socket".
[2026-10-09 18:44:02.986 +00:00] [ERR] [24] MediaBrowser.Providers.Movies.MovieMetadataService: Error in "TheMovieDb" for "/media/Movies/The Silent Planet (2024) Hindi Dubbed AMZN - 1080P.mkv"
System.Net.Http.HttpRequestException: The SSL connection could not be established, see inner exception.
 ---> System.IO.IOException: Unable to read data from the transport connection: Connection reset by peer.
 ---> System.Net.Sockets.SocketException (104): Connection reset by peer
   at System.Net.Sockets.Socket.AwaitableSocketAsyncEventArgs.CreateException(SocketError error, Boolean forAsyncThrow)
   at System.Net.Sockets.NetworkStream.ReadAsync(Memory`1 buffer, CancellationToken cancellationToken)
   at System.Net.Security.SslStream.EnsureFullTlsFrameAsync[TIOAdapter](CancellationToken cancellationToken, Int32 estimatedSize)
   at System.Runtime.CompilerServices.PoolingAsyncValueTaskMethodBuilder`1.StateMachineBox`1.ExecutionContextCallback(Object s)
   at System.Threading.ExecutionContext.RunInternal(ExecutionContext executionContext, ContextCallback callback, Object state)
   at System.Net.Sockets.SocketAsyncEngine.System.Threading.IThreadPoolWorkItem.Execute()
   at System.Threading.ThreadPoolWorkQueue.Dispatch()
   at System.Threading.PortableThreadPool.WorkerThread.WorkerThreadStart()
   at System.Threading.Thread.StartCallback()
--- End of stack trace from previous location ---

   --- End of inner exception stack trace ---
   at System.Net.Security.SslStream.EnsureFullTlsFrameAsync[TIOAdapter](CancellationToken cancellationToken, Int32 estimatedSize)
   at System.Runtime.CompilerServices.PoolingAsyncValueTaskMethodBuilder`1.StateMachineBox`1.System.Threading.Tasks.Sources.IValueTaskSource<TResult>.GetResult(Int16 token)
   at System.Net.Security.SslStream.ReceiveHandshakeFrameAsync[TIOAdapter](CancellationToken cancellationToken)
   at System.Net.Security.SslStream.ForceAuthenticationAsync[TIOAdapter](Boolean receiveFirst, Byte[] reAuthenticationData, CancellationToken cancellationToken)
   at System.Net.Http.ConnectHelper.EstablishSslConnectionAsync(SslClientAuthenticationOptions sslOptions, HttpRequestMessage request, Boolean async, Stream stream, CancellationToken cancellationToken)
   --- End of inner exception stack trace ---
   at System.Net.Http.ConnectHelper.EstablishSslConnectionAsync(SslClientAuthenticationOptions sslOptions, HttpRequestMessage request, Boolean async, Stream stream, CancellationToken cancellationToken)
   at System.Net.Http.HttpConnectionPool.ConnectAsync(HttpRequestMessage request, Boolean async, CancellationToken cancellationToken)
   at System.Net.Http.HttpConnectionPool.CreateHttp11ConnectionAsync(HttpRequestMessage request, Boolean async, CancellationToken cancellationToken)
   at System.Net.Http.HttpConnectionPool.InjectNewHttp11ConnectionAsync(QueueItem queueItem)
   at System.Threading.Tasks.TaskCompletionSourceWithCancellation`1.WaitWithCancellationAsync(CancellationToken cancellationToken)
   at System.Net.Http.HttpConnectionPool.SendWithVersionDetectionAndRetryAsync(HttpRequestMessage request, Boolean async, Boolean doRequestAuth, CancellationToken cancellationToken)
   at System.Net.Http.DiagnosticsHandler.SendAsyncCore(HttpRequestMessage request, Boolean async, CancellationToken cancellationToken)
   at System.Net.Http.RedirectHandler.SendAsync(HttpRequestMessage request, Boolean async, CancellationToken cancellationToken)
   at System.Net.Http.SocketsHttpHandler.<SendAsync>g__CreateHandlerAndSendAsync|115_0(HttpRequestMessage request, CancellationToken cancellationToken)
   at System.Net.Http.HttpClient.<SendAsync>g__Core|83_0(HttpRequestMessage request, HttpCompletionOption completionOption, CancellationTokenSource cts, Boolean disposeCts, CancellationTokenSource pendingRequestsCts, CancellationToken originalCancellationToken)
   at TMDbLib.Rest.RestRequest.SendInternal(HttpMethod method, CancellationToken cancellationToken)
   at TMDbLib.Rest.RestRequest.Get[T](CancellationToken cancellationToken)
   at TMDbLib.Rest.RestRequestExtensions.GetOfT[T](RestRequest request, CancellationToken cancellationToken)
   at TMDbLib.Client.TMDbClient.GetConfigAsync()
   at MediaBrowser.Providers.Plugins.Tmdb.TmdbClientManager.EnsureClientConfigAsync()
   at MediaBrowser.Providers.Plugins.Tmdb.TmdbClientManager.SearchMovieAsync(String name, Int32 year, String language, String countryCode, CancellationToken cancellationToken)
   at MediaBrowser.Providers.Plugins.Tmdb.Movies.TmdbMovieProvider.GetMetadata(MovieInfo info, CancellationToken cancellationToken)
   at MediaBrowser.Providers.Manager.MetadataService`2.ExecuteRemoteProviders(MetadataResult`1 temp, String logName, Boolean replaceData, TIdType id, IEnumerable`1 providers, CancellationToken cancellationToken)
[2026-10-09 18:44:04.774 +00:00] [INF] [24] Jellyfin.Server.Implementations.Users.UserManager: Authentication request for "yajju" has succeeded.
[2026-10-09 18:44:04.776 +00:00] [INF] [24] Emby.Server.Implementations.Session.SessionManager: Current/Max sessions for user "yajju": 0/0
[2026-10-09 18:44:04.779 +00:00] [INF] [24] Emby.Server.Implementations.Session.SessionManager: Creating new access token for user 2e3bdb6f-397c-4e23-a386-9f039f774767
[2026-10-09 18:44:05.181 +00:00] [INF] [24] Emby.Server.Implementations.HttpServer.WebSocketManager: WS "172.20.0.1" request
[2026-10-09 18:44:12.220 +00:00] [INF] [29] Emby.Server.Implementations.Library.LibraryManager: Running 8 post-scan task(s)
[2026-10-09 18:44:12.221 +00:00] [INF] [29] Emby.Server.Implementations.Library.LibraryManager: Running post-scan task 1/8: "SplashscreenPostScanTask"
[2026-10-09 18:44:20.655 +00:00] [INF] [29] Emby.Server.Implementations.Library.LibraryManager: Post-scan task "SplashscreenPostScanTask" completed after 0 minute(s) and 8 seconds
[2026-10-09 18:44:20.655 +00:00] [INF] [29] Emby.Server.Implementations.Library.LibraryManager: Running post-scan task 2/8: "ArtistsPostScanTask"
[2026-10-09 18:44:20.694 +00:00] [INF] [29] Emby.Server.Implementations.Library.Validators.ArtistsValidator: Refreshed metadata for 0 new artists out of 0 total
[2026-10-09 18:44:20.756 +00:00] [INF] [29] Emby.Server.Implementations.Library.LibraryManager: Post-scan task "ArtistsPostScanTask" completed after 0 minute(s) and 0 seconds
[2026-10-09 18:44:20.756 +00:00] [INF] [29] Emby.Server.Implementations.Library.LibraryManager: Running post-scan task 3/8: "CollectionPosterVerifyPostScanTask"
[2026-10-09 18:44:21.365 +00:00] [INF] [28] Emby.Server.Implementations.Library.LibraryManager: Post-scan task "CollectionPosterVerifyPostScanTask" completed after 0 minute(s) and 0 seconds
[2026-10-09 18:44:21.366 +00:00] [INF] [28] Emby.Server.Implementations.Library.LibraryManager: Running post-scan task 4/8: "CollectionPostScanTask"
[2026-10-09 18:44:21.373 +00:00] [INF] [28] Emby.Server.Implementations.Library.LibraryManager: Post-scan task "CollectionPostScanTask" completed after 0 minute(s) and 0 seconds
[2026-10-09 18:44:21.374 +00:00] [INF] [28] Emby.Server.Implementations.Library.LibraryManager: Running post-scan task 5/8: "GenresPostScanTask"
[2026-10-09 18:44:22.152 +00:00] [INF] [29] Emby.Server.Implementations.Library.Validators.GenresValidator: Refreshed metadata for 2 new genres out of 2 total
[2026-10-09 18:44:22.222 +00:00] [INF] [29] Emby.Server.Implementations.Library.LibraryManager: Post-scan task "GenresPostScanTask" completed after 0 minute(s) and 0 seconds
[2026-10-09 18:44:22.222 +00:00] [INF] [29] Emby.Server.Implementations.Library.LibraryManager: Running post-scan task 6/8: "MusicGenresPostScanTask"
[2026-10-09 18:44:22.231 +00:00] [INF] [29] Emby.Server.Implementations.Library.Validators.MusicGenresValidator: Refreshed metadata for 0 new music genres out of 0 total
[2026-10-09 18:44:22.232 +00:00] [INF] [29] Emby.Server.Implementations.Library.LibraryManager: Post-scan task "MusicGenresPostScanTask" completed after 0 minute(s) and 0 seconds
[2026-10-09 18:44:22.232 +00:00] [INF] [29] Emby.Server.Implementations.Library.LibraryManager: Running post-scan task 7/8: "StudiosPostScanTask"
[2026-10-09 18:44:22.242 +00:00] [INF] [29] Emby.Server.Implementations.Library.Validators.StudiosValidator: Refreshed metadata for 0 new studios out of 0 total
[2026-10-09 18:44:22.302 +00:00] [INF] [29] Emby.Server.Implementations.Library.LibraryManager: Post-scan task "StudiosPostScanTask" completed after 0 minute(s) and 0 seconds
[2026-10-09 18:44:22.302 +00:00] [INF] [29] Emby.Server.Implementations.Library.LibraryManager: Running post-scan task 8/8: "CleanDatabaseScheduledTask"
[2026-10-09 18:44:22.387 +00:00] [INF] [29] Emby.Server.Implementations.Library.LibraryManager: Post-scan task "CleanDatabaseScheduledTask" completed after 0 minute(s) and 0 seconds
[2026-10-09 18:44:22.388 +00:00] [INF] [29] Emby.Server.Implementations.Library.LibraryManager: All post-scan tasks completed after 0 minute(s) and 10 seconds
[2026-10-09 18:44:22.399 +00:00] [INF] [29] Emby.Server.Implementations.ScheduledTasks.TaskManager: "Scan Media Library" Completed after 0 minute(s) and 25 seconds
[2026-10-09 18:44:22.399 +00:00] [INF] [26] Emby.Server.Implementations.IO.LibraryMonitor: Watching directory "/media/Movies"
[2026-10-09 18:44:33.960 +00:00] [INF] [21] Emby.Server.Implementations.HttpServer.WebSocketManager: WS "172.20.0.1" closed
[2026-10-09 18:44:53.018 +00:00] [INF] [16] Emby.Server.Implementations.Session.SessionManager: Sending shutdown notifications
[2026-10-09 18:44:53.019 +00:00] [INF] [16] Emby.Server.Implementations.IO.LibraryMonitor: Stopping directory watching for path "/media/Movies"
[2026-10-09 18:44:53.036 +00:00] [INF] [21] Main: Optimizing the database... This might take a while
[2026-10-09 18:44:53.164 +00:00] [INF] [21] Jellyfin.Database.Providers.Sqlite.SqliteDatabaseProvider: jellyfin.db optimized successfully!
[2026-10-09 18:44:53.224 +00:00] [INF] [21] Emby.Server.Implementations.ApplicationHost: Disposing "CoreAppHost"
[2026-10-09 18:44:53.224 +00:00] [INF] [21] Emby.Server.Implementations.ApplicationHost: Disposing "Plugin"
[2026-10-09 18:51:54.051 +00:00] [INF] [1] Emby.Server.Implementations.AppBase.BaseConfigurationManager: Setting cache path: "/cache"
[2026-10-09 18:51:54.297 +00:00] [INF] [7] Jellyfin.Server.ServerSetupApp.SetupServer: Kestrel is listening on "0.0.0.0"
[2026-10-09 18:51:54.333 +00:00] [INF] [7] Main: Jellyfin version: "12.0.0"
[2026-10-09 18:51:54.338 +00:00] [INF] [7] Main: Environment Variables: ["[JELLYFIN_LOG_DIR, /config/log]", "[JELLYFIN_CONFIG_DIR, /config/config]", "[JELLYFIN_DATA_DIR, /config]", "[JELLYFIN_FFMPEG, /usr/lib/jellyfin-ffmpeg/ffmpeg]", "[JELLYFIN_CACHE_DIR, /cache]", "[JELLYFIN_WEB_DIR, /jellyfin/jellyfin-web]"]
[2026-10-09 18:51:54.340 +00:00] [INF] [7] Main: Arguments: ["/jellyfin/jellyfin.dll"]
[2026-10-09 18:51:54.342 +00:00] [INF] [7] Main: Operating system: "Debian GNU/Linux 13 (trixie)"
[2026-10-09 18:51:54.342 +00:00] [INF] [7] Main: Architecture: X64
[2026-10-09 18:51:54.345 +00:00] [INF] [7] Main: 64-Bit Process: True
[2026-10-09 18:51:54.346 +00:00] [INF] [7] Main: User Interactive: True
[2026-10-09 18:51:54.346 +00:00] [INF] [7] Main: Processor count: 2
[2026-10-09 18:51:54.347 +00:00] [INF] [7] Main: Program data path: "/config"
[2026-10-09 18:51:54.348 +00:00] [INF] [7] Main: Log directory path: "/config/log"
[2026-10-09 18:51:54.348 +00:00] [INF] [7] Main: Config directory path: "/config/config"
[2026-10-09 18:51:54.349 +00:00] [INF] [7] Main: Cache path: "/cache"
[2026-10-09 18:51:54.349 +00:00] [INF] [7] Main: Temp directory path: "/tmp/jellyfin"
[2026-10-09 18:51:54.350 +00:00] [INF] [7] Main: Web resources path: "/jellyfin/jellyfin-web"
[2026-10-09 18:51:54.351 +00:00] [INF] [7] Main: Application directory: "/jellyfin/"
[2026-10-09 18:51:54.363 +00:00] [INF] [7] Jellyfin.Server.Startup: Storage path `"/config/data"` (Unknown) successfully checked with "24.8GiB" free which is over the minimum of "2GiB".
[2026-10-09 18:51:54.365 +00:00] [INF] [7] Jellyfin.Server.Startup: Storage path `"/cache"` (Unknown) successfully checked with "24.8GiB" free which is over the minimum of "2GiB".
[2026-10-09 18:51:54.366 +00:00] [INF] [7] Jellyfin.Server.Startup: Storage path `"/config"` (Unknown) successfully checked with "24.8GiB" free which is over the minimum of "2GiB".
[2026-10-09 18:51:54.371 +00:00] [INF] [7] Emby.Server.Implementations.AppBase.BaseConfigurationManager: Setting cache path: "/cache"
[2026-10-09 18:51:54.438 +00:00] [INF] [7] Jellyfin.Database.Providers.Sqlite.SqliteDatabaseProvider: SQLite connection string: "Data Source=/config/data/jellyfin.db;Cache=Private;Default Timeout=60;Pooling=True"
[2026-10-09 18:51:54.447 +00:00] [INF] [7] Jellyfin.Database.Providers.Sqlite.SqliteDatabaseProvider: SQLITE connection pragma command set to: 
"PRAGMA locking_mode=NORMAL;
PRAGMA journal_size_limit=134217728;
PRAGMA synchronous=1;
PRAGMA temp_store=2;
"
[2026-10-09 18:51:54.449 +00:00] [INF] [7] Jellyfin.Database.Implementations.Locking.NoLockBehavior: The database locking mode has been set to: NoLock.
[2026-10-09 18:51:54.490 +00:00] [INF] [7] Jellyfin.Server.Migrations.JellyfinMigrationService: Initialise Migration service.
[2026-10-09 18:51:55.722 +00:00] [INF] [7] Emby.Server.Implementations.AppBase.BaseConfigurationManager: Setting cache path: "/cache"
[2026-10-09 18:51:55.741 +00:00] [INF] [7] Emby.Server.Implementations.ApplicationHost: Loading assemblies
[2026-10-09 18:51:55.784 +00:00] [INF] [7] Jellyfin.Networking.Manager.NetworkManager: Defined LAN subnets: ["127.0.0.0/8", "10.0.0.0/8", "172.16.0.0/12", "192.168.0.0/16"]
[2026-10-09 18:51:55.785 +00:00] [INF] [7] Jellyfin.Networking.Manager.NetworkManager: Defined LAN exclusions: []
[2026-10-09 18:51:55.789 +00:00] [INF] [7] Jellyfin.Networking.Manager.NetworkManager: Used LAN subnets: ["127.0.0.0/8", "10.0.0.0/8", "172.16.0.0/12", "192.168.0.0/16"]
[2026-10-09 18:51:55.791 +00:00] [INF] [7] Jellyfin.Networking.Manager.NetworkManager: Filtered interface addresses: ["127.0.0.1", "172.21.0.2"]
[2026-10-09 18:51:55.792 +00:00] [INF] [7] Jellyfin.Networking.Manager.NetworkManager: Bind Addresses ["0.0.0.0"]
[2026-10-09 18:51:55.792 +00:00] [INF] [7] Jellyfin.Networking.Manager.NetworkManager: Remote IP filter is "Allowlist"
[2026-10-09 18:51:55.792 +00:00] [INF] [7] Jellyfin.Networking.Manager.NetworkManager: Filtered subnets: []
[2026-10-09 18:51:56.055 +00:00] [INF] [7] Jellyfin.Database.Providers.Sqlite.SqliteDatabaseProvider: SQLite connection string: "Data Source=/config/data/jellyfin.db;Cache=Private;Default Timeout=60;Pooling=True"
[2026-10-09 18:51:56.056 +00:00] [INF] [7] Jellyfin.Database.Providers.Sqlite.SqliteDatabaseProvider: SQLITE connection pragma command set to: 
"PRAGMA locking_mode=NORMAL;
PRAGMA journal_size_limit=134217728;
PRAGMA synchronous=1;
PRAGMA temp_store=2;
"
[2026-10-09 18:51:56.057 +00:00] [INF] [7] Jellyfin.Database.Implementations.Locking.NoLockBehavior: The database locking mode has been set to: NoLock.
[2026-10-09 18:51:56.109 +00:00] [INF] [7] Main: Prepare system for possible migrations
[2026-10-09 18:51:56.326 +00:00] [INF] [7] Emby.Server.Implementations.Plugins.PluginManager: Loaded plugin: "TMDb" "12.0.0.0"
[2026-10-09 18:51:56.328 +00:00] [INF] [7] Emby.Server.Implementations.Plugins.PluginManager: Loaded plugin: "Studio Images" "12.0.0.0"
[2026-10-09 18:51:56.329 +00:00] [INF] [7] Emby.Server.Implementations.Plugins.PluginManager: Loaded plugin: "OMDb" "12.0.0.0"
[2026-10-09 18:51:56.346 +00:00] [INF] [7] Emby.Server.Implementations.Plugins.PluginManager: Loaded plugin: "MusicBrainz" "12.0.0.0"
[2026-10-09 18:51:56.348 +00:00] [INF] [7] Emby.Server.Implementations.Plugins.PluginManager: Loaded plugin: "ListenBrainz Similarity Provider" "12.0.0.0"
[2026-10-09 18:51:56.349 +00:00] [INF] [7] Emby.Server.Implementations.Plugins.PluginManager: Loaded plugin: "AudioDB" "12.0.0.0"
[2026-10-09 18:51:56.413 +00:00] [INF] [7] Emby.Server.Implementations.Library.Search.SearchManager: Registered 0 external search providers: "". Fallback providers: "Database (priority 100)"
[2026-10-09 18:51:56.831 +00:00] [INF] [7] Main: Kestrel is listening on "0.0.0.0"
[2026-10-09 18:51:56.853 +00:00] [WRN] [7] Microsoft.AspNetCore.DataProtection.KeyManagement.XmlKeyManager: No XML encryptor configured. Key {fa52ba4f-91f4-4cce-aae0-166f9c6bf7fd} may be persisted to storage in unencrypted form.
[2026-10-09 18:51:57.825 +00:00] [WRN] [7] Microsoft.AspNetCore.StaticFiles.StaticFileMiddleware: The WebRootPath was not found: "/wwwroot". Static files may be unavailable.
[2026-10-09 18:51:57.876 +00:00] [INF] [7] Emby.Server.Implementations.ApplicationHost: Running startup tasks
[2026-10-09 18:51:57.887 +00:00] [INF] [8] Emby.Server.Implementations.IO.LibraryMonitor: Watching directory "/media/Movies"
[2026-10-09 18:51:57.895 +00:00] [INF] [7] Emby.Server.Implementations.ScheduledTasks.TaskManager: Daily trigger for "Generate Trickplay Images" set to fire at 2026-10-10 03:00:00.000 +00:00, which is 08:08:02.1045339 from now.
[2026-10-09 18:51:57.903 +00:00] [INF] [7] Emby.Server.Implementations.ScheduledTasks.TaskManager: Daily trigger for "Extract Chapter Images" set to fire at 2026-10-10 02:00:00.000 +00:00, which is 07:08:02.0964369 from now.
[2026-10-09 18:51:57.952 +00:00] [INF] [7] MediaBrowser.MediaEncoding.Encoder.MediaEncoder: Found ffmpeg version "8.1.2"
[2026-10-09 18:51:57.996 +00:00] [INF] [7] MediaBrowser.MediaEncoding.Encoder.MediaEncoder: Available "decoders": ["libdav1d", "av1", "av1_cuvid", "av1_qsv", "h264", "h264_qsv", "h264_cuvid", "hevc", "hevc_qsv", "hevc_cuvid", "mpeg2video", "mpeg2_qsv", "mpeg2_cuvid", "mpeg4", "mpeg4_cuvid", "msmpeg4", "vc1_qsv", "vc1_cuvid", "vp8", "libvpx", "vp8_cuvid", "vp8_qsv", "vp9", "libvpx-vp9", "vp9_cuvid", "vp9_qsv", "aac", "ac3", "ac4", "dca", "flac", "mp3", "truehd"]
[2026-10-09 18:51:58.017 +00:00] [INF] [7] MediaBrowser.MediaEncoding.Encoder.MediaEncoder: Available "encoders": ["libsvtav1", "av1_nvenc", "av1_qsv", "av1_amf", "av1_vaapi", "libx264", "h264_amf", "h264_nvenc", "h264_qsv", "h264_v4l2m2m", "h264_vaapi", "libx265", "hevc_amf", "hevc_nvenc", "hevc_qsv", "hevc_vaapi", "mjpeg_qsv", "mjpeg_vaapi", "aac", "libfdk_aac", "ac3", "alac", "dca", "flac", "libmp3lame", "libopus", "truehd", "libvorbis", "srt"]
[2026-10-09 18:51:58.039 +00:00] [INF] [7] MediaBrowser.MediaEncoding.Encoder.MediaEncoder: Available filters: ["bwdif_cuda", "bwdif_opencl", "deinterlace_qsv", "deinterlace_vaapi", "flip_vulkan", "hwupload_cuda", "hwupload_vaapi", "libplacebo", "overlay_opencl", "overlay_qsv", "overlay_vaapi", "overlay_vulkan", "overlay_cuda", "procamp_vaapi", "scale_cuda", "scale_opencl", "scale_qsv", "scale_vaapi", "scale_vulkan", "tonemapx", "tonemap_cuda", "tonemap_opencl", "tonemap_vaapi", "transpose_cuda", "transpose_opencl", "transpose_vaapi", "transpose_vulkan", "vpp_qsv", "yadif_cuda", "yadif_opencl", "zscale", "alphasrc"]
[2026-10-09 18:51:58.319 +00:00] [INF] [7] MediaBrowser.MediaEncoding.Encoder.MediaEncoder: Available hwaccel types: ["cuda", "vaapi", "qsv", "drm", "opencl", "vulkan", "amf"]
[2026-10-09 18:52:00.942 +00:00] [INF] [8] Emby.Server.Implementations.ScheduledTasks.TaskManager: "Clean Transcode Directory" Completed after 0 minute(s) and 0 seconds
[2026-10-09 18:52:02.070 +00:00] [INF] [7] MediaBrowser.MediaEncoding.Encoder.MediaEncoder: FFmpeg: "/usr/lib/jellyfin-ffmpeg/ffmpeg"
[2026-10-09 18:52:02.072 +00:00] [INF] [7] Emby.Server.Implementations.ApplicationHost: ServerId: "2b0aaabff6694eb18cb9a52d7ad11157"
[2026-10-09 18:52:02.072 +00:00] [INF] [7] Emby.Server.Implementations.ApplicationHost: Core startup complete
[2026-10-09 18:52:02.073 +00:00] [INF] [7] Main: Startup complete 0:00:08.2966813
[2026-10-09 18:52:04.784 +00:00] [INF] [18] Jellyfin.Api.Auth.CustomAuthenticationHandler: "CustomAuthentication" was not authenticated. Failure message: "Invalid token."
[2026-10-09 18:52:07.069 +00:00] [ERR] [18] Jellyfin.Api.Middleware.ExceptionMiddleware: Error processing request: "Token is required". URL "GET" "/socket".
[2026-10-09 18:52:07.278 +00:00] [INF] [18] Jellyfin.Api.Auth.CustomAuthenticationHandler: "CustomAuthentication" was not authenticated. Failure message: "Invalid token."
[2026-10-09 18:52:07.713 +00:00] [INF] [18] Emby.Server.Implementations.ScheduledTasks.TaskManager: "Update Plugins" Completed after 0 minute(s) and 6 seconds
[2026-10-09 18:52:08.094 +00:00] [ERR] [21] Jellyfin.Api.Middleware.ExceptionMiddleware: Error processing request: "Token is required". URL "GET" "/socket".
[2026-10-09 18:52:09.603 +00:00] [ERR] [18] Jellyfin.Api.Middleware.ExceptionMiddleware: Error processing request: "Token is required". URL "GET" "/socket".
[2026-10-09 18:52:11.862 +00:00] [ERR] [20] Jellyfin.Api.Middleware.ExceptionMiddleware: Error processing request: "Token is required". URL "GET" "/socket".
[2026-10-09 18:52:13.012 +00:00] [INF] [21] Jellyfin.Server.Implementations.Users.UserManager: Authentication request for "yajju" has succeeded.
[2026-10-09 18:52:13.017 +00:00] [INF] [21] Emby.Server.Implementations.Session.SessionManager: Current/Max sessions for user "yajju": 0/0
[2026-10-09 18:52:13.020 +00:00] [INF] [21] Emby.Server.Implementations.Session.SessionManager: Creating new access token for user 2e3bdb6f-397c-4e23-a386-9f039f774767
[2026-10-09 18:52:13.640 +00:00] [INF] [21] Emby.Server.Implementations.HttpServer.WebSocketManager: WS "172.21.0.1" request
[2026-10-09 18:54:16.415 +00:00] [INF] [23] Emby.Server.Implementations.Session.SessionManager: Sending shutdown notifications
[2026-10-09 18:54:16.433 +00:00] [INF] [23] Emby.Server.Implementations.IO.LibraryMonitor: Stopping directory watching for path "/media/Movies"
[2026-10-09 18:54:16.440 +00:00] [INF] [22] Emby.Server.Implementations.HttpServer.WebSocketManager: WS "172.21.0.1" closed
[2026-10-09 18:54:16.450 +00:00] [INF] [24] Main: Optimizing the database... This might take a while
[2026-10-09 18:54:16.603 +00:00] [INF] [24] Jellyfin.Database.Providers.Sqlite.SqliteDatabaseProvider: jellyfin.db optimized successfully!
[2026-10-09 18:54:16.653 +00:00] [INF] [24] Emby.Server.Implementations.ApplicationHost: Disposing "CoreAppHost"
[2026-10-09 18:54:16.653 +00:00] [INF] [24] Emby.Server.Implementations.ApplicationHost: Disposing "Plugin"
[2026-10-09 18:55:38.745 +00:00] [INF] [1] Emby.Server.Implementations.AppBase.BaseConfigurationManager: Setting cache path: "/cache"
[2026-10-09 18:55:38.995 +00:00] [INF] [8] Jellyfin.Server.ServerSetupApp.SetupServer: Kestrel is listening on "0.0.0.0"
[2026-10-09 18:55:39.030 +00:00] [INF] [8] Main: Jellyfin version: "12.0.0"
[2026-10-09 18:55:39.034 +00:00] [INF] [8] Main: Environment Variables: ["[JELLYFIN_DATA_DIR, /config]", "[JELLYFIN_LOG_DIR, /config/log]", "[JELLYFIN_CACHE_DIR, /cache]", "[JELLYFIN_WEB_DIR, /jellyfin/jellyfin-web]", "[JELLYFIN_CONFIG_DIR, /config/config]", "[JELLYFIN_FFMPEG, /usr/lib/jellyfin-ffmpeg/ffmpeg]"]
[2026-10-09 18:55:39.037 +00:00] [INF] [8] Main: Arguments: ["/jellyfin/jellyfin.dll"]
[2026-10-09 18:55:39.038 +00:00] [INF] [8] Main: Operating system: "Debian GNU/Linux 13 (trixie)"
[2026-10-09 18:55:39.039 +00:00] [INF] [8] Main: Architecture: X64
[2026-10-09 18:55:39.040 +00:00] [INF] [8] Main: 64-Bit Process: True
[2026-10-09 18:55:39.040 +00:00] [INF] [8] Main: User Interactive: True
[2026-10-09 18:55:39.041 +00:00] [INF] [8] Main: Processor count: 2
[2026-10-09 18:55:39.042 +00:00] [INF] [8] Main: Program data path: "/config"
[2026-10-09 18:55:39.042 +00:00] [INF] [8] Main: Log directory path: "/config/log"
[2026-10-09 18:55:39.042 +00:00] [INF] [8] Main: Config directory path: "/config/config"
[2026-10-09 18:55:39.042 +00:00] [INF] [8] Main: Cache path: "/cache"
[2026-10-09 18:55:39.043 +00:00] [INF] [8] Main: Temp directory path: "/tmp/jellyfin"
[2026-10-09 18:55:39.045 +00:00] [INF] [8] Main: Web resources path: "/jellyfin/jellyfin-web"
[2026-10-09 18:55:39.045 +00:00] [INF] [8] Main: Application directory: "/jellyfin/"
[2026-10-09 18:55:39.055 +00:00] [INF] [8] Jellyfin.Server.Startup: Storage path `"/config/data"` (Unknown) successfully checked with "25.3GiB" free which is over the minimum of "2GiB".
[2026-10-09 18:55:39.056 +00:00] [INF] [8] Jellyfin.Server.Startup: Storage path `"/cache"` (Unknown) successfully checked with "25.3GiB" free which is over the minimum of "2GiB".
[2026-10-09 18:55:39.058 +00:00] [INF] [8] Jellyfin.Server.Startup: Storage path `"/config"` (Unknown) successfully checked with "25.3GiB" free which is over the minimum of "2GiB".
[2026-10-09 18:55:39.065 +00:00] [INF] [8] Emby.Server.Implementations.AppBase.BaseConfigurationManager: Setting cache path: "/cache"
[2026-10-09 18:55:39.132 +00:00] [INF] [8] Jellyfin.Database.Providers.Sqlite.SqliteDatabaseProvider: SQLite connection string: "Data Source=/config/data/jellyfin.db;Cache=Private;Default Timeout=60;Pooling=True"
[2026-10-09 18:55:39.141 +00:00] [INF] [8] Jellyfin.Database.Providers.Sqlite.SqliteDatabaseProvider: SQLITE connection pragma command set to: 
"PRAGMA locking_mode=NORMAL;
PRAGMA journal_size_limit=134217728;
PRAGMA synchronous=1;
PRAGMA temp_store=2;
"
[2026-10-09 18:55:39.143 +00:00] [INF] [8] Jellyfin.Database.Implementations.Locking.NoLockBehavior: The database locking mode has been set to: NoLock.
[2026-10-09 18:55:39.183 +00:00] [INF] [8] Jellyfin.Server.Migrations.JellyfinMigrationService: Initialise Migration service.
[2026-10-09 18:55:40.412 +00:00] [INF] [8] Emby.Server.Implementations.AppBase.BaseConfigurationManager: Setting cache path: "/cache"
[2026-10-09 18:55:40.433 +00:00] [INF] [8] Emby.Server.Implementations.ApplicationHost: Loading assemblies
[2026-10-09 18:55:40.476 +00:00] [INF] [8] Jellyfin.Networking.Manager.NetworkManager: Defined LAN subnets: ["127.0.0.0/8", "10.0.0.0/8", "172.16.0.0/12", "192.168.0.0/16"]
[2026-10-09 18:55:40.476 +00:00] [INF] [8] Jellyfin.Networking.Manager.NetworkManager: Defined LAN exclusions: []
[2026-10-09 18:55:40.480 +00:00] [INF] [8] Jellyfin.Networking.Manager.NetworkManager: Used LAN subnets: ["127.0.0.0/8", "10.0.0.0/8", "172.16.0.0/12", "192.168.0.0/16"]
[2026-10-09 18:55:40.482 +00:00] [INF] [8] Jellyfin.Networking.Manager.NetworkManager: Filtered interface addresses: ["127.0.0.1", "172.21.0.2"]
[2026-10-09 18:55:40.483 +00:00] [INF] [8] Jellyfin.Networking.Manager.NetworkManager: Bind Addresses ["0.0.0.0"]
[2026-10-09 18:55:40.483 +00:00] [INF] [8] Jellyfin.Networking.Manager.NetworkManager: Remote IP filter is "Allowlist"
[2026-10-09 18:55:40.483 +00:00] [INF] [8] Jellyfin.Networking.Manager.NetworkManager: Filtered subnets: []
[2026-10-09 18:55:40.742 +00:00] [INF] [8] Jellyfin.Database.Providers.Sqlite.SqliteDatabaseProvider: SQLite connection string: "Data Source=/config/data/jellyfin.db;Cache=Private;Default Timeout=60;Pooling=True"
[2026-10-09 18:55:40.743 +00:00] [INF] [8] Jellyfin.Database.Providers.Sqlite.SqliteDatabaseProvider: SQLITE connection pragma command set to: 
"PRAGMA locking_mode=NORMAL;
PRAGMA journal_size_limit=134217728;
PRAGMA synchronous=1;
PRAGMA temp_store=2;
"
[2026-10-09 18:55:40.745 +00:00] [INF] [8] Jellyfin.Database.Implementations.Locking.NoLockBehavior: The database locking mode has been set to: NoLock.
[2026-10-09 18:55:40.799 +00:00] [INF] [8] Main: Prepare system for possible migrations
[2026-10-09 18:55:41.014 +00:00] [INF] [8] Emby.Server.Implementations.Plugins.PluginManager: Loaded plugin: "TMDb" "12.0.0.0"
[2026-10-09 18:55:41.016 +00:00] [INF] [8] Emby.Server.Implementations.Plugins.PluginManager: Loaded plugin: "Studio Images" "12.0.0.0"
[2026-10-09 18:55:41.016 +00:00] [INF] [8] Emby.Server.Implementations.Plugins.PluginManager: Loaded plugin: "OMDb" "12.0.0.0"
[2026-10-09 18:55:41.037 +00:00] [INF] [8] Emby.Server.Implementations.Plugins.PluginManager: Loaded plugin: "MusicBrainz" "12.0.0.0"
[2026-10-09 18:55:41.038 +00:00] [INF] [8] Emby.Server.Implementations.Plugins.PluginManager: Loaded plugin: "ListenBrainz Similarity Provider" "12.0.0.0"
[2026-10-09 18:55:41.038 +00:00] [INF] [8] Emby.Server.Implementations.Plugins.PluginManager: Loaded plugin: "AudioDB" "12.0.0.0"
[2026-10-09 18:55:41.105 +00:00] [INF] [8] Emby.Server.Implementations.Library.Search.SearchManager: Registered 0 external search providers: "". Fallback providers: "Database (priority 100)"
[2026-10-09 18:55:41.514 +00:00] [INF] [8] Main: Kestrel is listening on "0.0.0.0"
[2026-10-09 18:55:41.535 +00:00] [WRN] [8] Microsoft.AspNetCore.DataProtection.KeyManagement.XmlKeyManager: No XML encryptor configured. Key {4076e1e4-1845-4580-850d-3ccae9db67e6} may be persisted to storage in unencrypted form.
[2026-10-09 18:55:42.502 +00:00] [WRN] [8] Microsoft.AspNetCore.StaticFiles.StaticFileMiddleware: The WebRootPath was not found: "/wwwroot". Static files may be unavailable.
[2026-10-09 18:55:42.577 +00:00] [INF] [8] Emby.Server.Implementations.ApplicationHost: Running startup tasks
[2026-10-09 18:55:42.585 +00:00] [INF] [11] Emby.Server.Implementations.IO.LibraryMonitor: Watching directory "/media/Movies"
[2026-10-09 18:55:42.595 +00:00] [INF] [8] Emby.Server.Implementations.ScheduledTasks.TaskManager: Daily trigger for "Generate Trickplay Images" set to fire at 2026-10-10 03:00:00.000 +00:00, which is 08:04:17.4049488 from now.
[2026-10-09 18:55:42.604 +00:00] [INF] [8] Emby.Server.Implementations.ScheduledTasks.TaskManager: Daily trigger for "Extract Chapter Images" set to fire at 2026-10-10 02:00:00.000 +00:00, which is 07:04:17.3955335 from now.
[2026-10-09 18:55:42.668 +00:00] [INF] [8] MediaBrowser.MediaEncoding.Encoder.MediaEncoder: Found ffmpeg version "8.1.2"
[2026-10-09 18:55:42.715 +00:00] [INF] [8] MediaBrowser.MediaEncoding.Encoder.MediaEncoder: Available "decoders": ["libdav1d", "av1", "av1_cuvid", "av1_qsv", "h264", "h264_qsv", "h264_cuvid", "hevc", "hevc_qsv", "hevc_cuvid", "mpeg2video", "mpeg2_qsv", "mpeg2_cuvid", "mpeg4", "mpeg4_cuvid", "msmpeg4", "vc1_qsv", "vc1_cuvid", "vp8", "libvpx", "vp8_cuvid", "vp8_qsv", "vp9", "libvpx-vp9", "vp9_cuvid", "vp9_qsv", "aac", "ac3", "ac4", "dca", "flac", "mp3", "truehd"]
[2026-10-09 18:55:42.738 +00:00] [INF] [8] MediaBrowser.MediaEncoding.Encoder.MediaEncoder: Available "encoders": ["libsvtav1", "av1_nvenc", "av1_qsv", "av1_amf", "av1_vaapi", "libx264", "h264_amf", "h264_nvenc", "h264_qsv", "h264_v4l2m2m", "h264_vaapi", "libx265", "hevc_amf", "hevc_nvenc", "hevc_qsv", "hevc_vaapi", "mjpeg_qsv", "mjpeg_vaapi", "aac", "libfdk_aac", "ac3", "alac", "dca", "flac", "libmp3lame", "libopus", "truehd", "libvorbis", "srt"]
[2026-10-09 18:55:42.758 +00:00] [INF] [8] MediaBrowser.MediaEncoding.Encoder.MediaEncoder: Available filters: ["bwdif_cuda", "bwdif_opencl", "deinterlace_qsv", "deinterlace_vaapi", "flip_vulkan", "hwupload_cuda", "hwupload_vaapi", "libplacebo", "overlay_opencl", "overlay_qsv", "overlay_vaapi", "overlay_vulkan", "overlay_cuda", "procamp_vaapi", "scale_cuda", "scale_opencl", "scale_qsv", "scale_vaapi", "scale_vulkan", "tonemapx", "tonemap_cuda", "tonemap_opencl", "tonemap_vaapi", "transpose_cuda", "transpose_opencl", "transpose_vaapi", "transpose_vulkan", "vpp_qsv", "yadif_cuda", "yadif_opencl", "zscale", "alphasrc"]
[2026-10-09 18:55:43.055 +00:00] [INF] [8] MediaBrowser.MediaEncoding.Encoder.MediaEncoder: Available hwaccel types: ["cuda", "vaapi", "qsv", "drm", "opencl", "vulkan", "amf"]
[2026-10-09 18:55:45.648 +00:00] [INF] [7] Emby.Server.Implementations.ScheduledTasks.TaskManager: "Clean Transcode Directory" Completed after 0 minute(s) and 0 seconds
[2026-10-09 18:55:47.009 +00:00] [INF] [8] MediaBrowser.MediaEncoding.Encoder.MediaEncoder: FFmpeg: "/usr/lib/jellyfin-ffmpeg/ffmpeg"
[2026-10-09 18:55:47.011 +00:00] [INF] [8] Emby.Server.Implementations.ApplicationHost: ServerId: "2b0aaabff6694eb18cb9a52d7ad11157"
[2026-10-09 18:55:47.012 +00:00] [INF] [8] Emby.Server.Implementations.ApplicationHost: Core startup complete
[2026-10-09 18:55:47.012 +00:00] [INF] [8] Main: Startup complete 0:00:08.5391332
[2026-10-09 18:55:48.177 +00:00] [INF] [18] Emby.Server.Implementations.ScheduledTasks.TaskManager: "Update Plugins" Completed after 0 minute(s) and 2 seconds
[2026-10-09 18:55:54.019 +00:00] [INF] [8] Emby.Server.Implementations.HttpServer.WebSocketManager: WS "172.21.0.1" request
[2026-10-09 18:56:16.786 +00:00] [INF] [20] Emby.Server.Implementations.IO.LibraryMonitor: Stopping directory watching for path "/media/Movies"
[2026-10-09 18:56:16.790 +00:00] [INF] [20] Emby.Server.Implementations.Library.LibraryManager: Validating media library
[2026-10-09 18:56:17.668 +00:00] [WRN] [18] MediaBrowser.Controller.Entities.BaseItem: Library folder "/config/data/playlists" is inaccessible or empty, skipping
[2026-10-09 18:56:17.848 +00:00] [WRN] [18] MediaBrowser.Controller.Entities.BaseItem: Library folder "/config/data/playlists" is inaccessible or empty, skipping
[2026-10-09 18:56:18.712 +00:00] [ERR] [11] MediaBrowser.Providers.Movies.MovieMetadataService: Error in "TheMovieDb" for "/media/Movies/The Silent Planet (2024) Hindi Dubbed AMZN - 1080P.mkv"
System.Net.Http.HttpRequestException: The SSL connection could not be established, see inner exception.
 ---> System.IO.IOException: Unable to read data from the transport connection: Connection reset by peer.
 ---> System.Net.Sockets.SocketException (104): Connection reset by peer
   at System.Net.Sockets.Socket.AwaitableSocketAsyncEventArgs.CreateException(SocketError error, Boolean forAsyncThrow)
   at System.Net.Sockets.NetworkStream.ReadAsync(Memory`1 buffer, CancellationToken cancellationToken)
   at System.Net.Security.SslStream.EnsureFullTlsFrameAsync[TIOAdapter](CancellationToken cancellationToken, Int32 estimatedSize)
   at System.Runtime.CompilerServices.PoolingAsyncValueTaskMethodBuilder`1.StateMachineBox`1.ExecutionContextCallback(Object s)
   at System.Threading.ExecutionContext.RunInternal(ExecutionContext executionContext, ContextCallback callback, Object state)
   at System.Net.Sockets.SocketAsyncEngine.System.Threading.IThreadPoolWorkItem.Execute()
   at System.Threading.ThreadPoolWorkQueue.Dispatch()
   at System.Threading.PortableThreadPool.WorkerThread.WorkerThreadStart()
   at System.Threading.Thread.StartCallback()
--- End of stack trace from previous location ---

   --- End of inner exception stack trace ---
   at System.Net.Security.SslStream.EnsureFullTlsFrameAsync[TIOAdapter](CancellationToken cancellationToken, Int32 estimatedSize)
   at System.Runtime.CompilerServices.PoolingAsyncValueTaskMethodBuilder`1.StateMachineBox`1.System.Threading.Tasks.Sources.IValueTaskSource<TResult>.GetResult(Int16 token)
   at System.Net.Security.SslStream.ReceiveHandshakeFrameAsync[TIOAdapter](CancellationToken cancellationToken)
   at System.Net.Security.SslStream.ForceAuthenticationAsync[TIOAdapter](Boolean receiveFirst, Byte[] reAuthenticationData, CancellationToken cancellationToken)
   at System.Net.Http.ConnectHelper.EstablishSslConnectionAsync(SslClientAuthenticationOptions sslOptions, HttpRequestMessage request, Boolean async, Stream stream, CancellationToken cancellationToken)
   --- End of inner exception stack trace ---
   at System.Net.Http.ConnectHelper.EstablishSslConnectionAsync(SslClientAuthenticationOptions sslOptions, HttpRequestMessage request, Boolean async, Stream stream, CancellationToken cancellationToken)
   at System.Net.Http.HttpConnectionPool.ConnectAsync(HttpRequestMessage request, Boolean async, CancellationToken cancellationToken)
   at System.Net.Http.HttpConnectionPool.CreateHttp11ConnectionAsync(HttpRequestMessage request, Boolean async, CancellationToken cancellationToken)
   at System.Net.Http.HttpConnectionPool.InjectNewHttp11ConnectionAsync(QueueItem queueItem)
   at System.Threading.Tasks.TaskCompletionSourceWithCancellation`1.WaitWithCancellationAsync(CancellationToken cancellationToken)
   at System.Net.Http.HttpConnectionPool.SendWithVersionDetectionAndRetryAsync(HttpRequestMessage request, Boolean async, Boolean doRequestAuth, CancellationToken cancellationToken)
   at System.Net.Http.DiagnosticsHandler.SendAsyncCore(HttpRequestMessage request, Boolean async, CancellationToken cancellationToken)
   at System.Net.Http.RedirectHandler.SendAsync(HttpRequestMessage request, Boolean async, CancellationToken cancellationToken)
   at System.Net.Http.SocketsHttpHandler.<SendAsync>g__CreateHandlerAndSendAsync|115_0(HttpRequestMessage request, CancellationToken cancellationToken)
   at System.Net.Http.HttpClient.<SendAsync>g__Core|83_0(HttpRequestMessage request, HttpCompletionOption completionOption, CancellationTokenSource cts, Boolean disposeCts, CancellationTokenSource pendingRequestsCts, CancellationToken originalCancellationToken)
   at TMDbLib.Rest.RestRequest.SendInternal(HttpMethod method, CancellationToken cancellationToken)
   at TMDbLib.Rest.RestRequest.Get[T](CancellationToken cancellationToken)
   at TMDbLib.Rest.RestRequestExtensions.GetOfT[T](RestRequest request, CancellationToken cancellationToken)
   at TMDbLib.Client.TMDbClient.GetConfigAsync()
   at MediaBrowser.Providers.Plugins.Tmdb.TmdbClientManager.EnsureClientConfigAsync()
   at MediaBrowser.Providers.Plugins.Tmdb.TmdbClientManager.FindByExternalIdAsync(String externalId, FindExternalSource source, String language, String countryCode, CancellationToken cancellationToken)
   at MediaBrowser.Providers.Plugins.Tmdb.Movies.TmdbMovieProvider.GetMetadata(MovieInfo info, CancellationToken cancellationToken)
   at MediaBrowser.Providers.Manager.MetadataService`2.ExecuteRemoteProviders(MetadataResult`1 temp, String logName, Boolean replaceData, TIdType id, IEnumerable`1 providers, CancellationToken cancellationToken)
[2026-10-09 18:56:19.372 +00:00] [INF] [7] Emby.Server.Implementations.Library.LibraryManager: Running 8 post-scan task(s)
[2026-10-09 18:56:19.373 +00:00] [INF] [7] Emby.Server.Implementations.Library.LibraryManager: Running post-scan task 1/8: "SplashscreenPostScanTask"
[2026-10-09 18:56:27.796 +00:00] [INF] [7] Emby.Server.Implementations.Library.LibraryManager: Post-scan task "SplashscreenPostScanTask" completed after 0 minute(s) and 8 seconds
[2026-10-09 18:56:27.797 +00:00] [INF] [7] Emby.Server.Implementations.Library.LibraryManager: Running post-scan task 2/8: "ArtistsPostScanTask"
[2026-10-09 18:56:27.851 +00:00] [INF] [7] Emby.Server.Implementations.Library.Validators.ArtistsValidator: Refreshed metadata for 0 new artists out of 0 total
[2026-10-09 18:56:27.920 +00:00] [INF] [7] Emby.Server.Implementations.Library.LibraryManager: Post-scan task "ArtistsPostScanTask" completed after 0 minute(s) and 0 seconds
[2026-10-09 18:56:27.920 +00:00] [INF] [7] Emby.Server.Implementations.Library.LibraryManager: Running post-scan task 3/8: "CollectionPosterVerifyPostScanTask"
[2026-10-09 18:56:27.922 +00:00] [INF] [7] Emby.Server.Implementations.Library.LibraryManager: Post-scan task "CollectionPosterVerifyPostScanTask" completed after 0 minute(s) and 0 seconds
[2026-10-09 18:56:27.923 +00:00] [INF] [7] Emby.Server.Implementations.Library.LibraryManager: Running post-scan task 4/8: "CollectionPostScanTask"
[2026-10-09 18:56:27.926 +00:00] [INF] [7] Emby.Server.Implementations.Library.LibraryManager: Post-scan task "CollectionPostScanTask" completed after 0 minute(s) and 0 seconds
[2026-10-09 18:56:27.926 +00:00] [INF] [7] Emby.Server.Implementations.Library.LibraryManager: Running post-scan task 5/8: "GenresPostScanTask"
[2026-10-09 18:56:28.034 +00:00] [INF] [7] Emby.Server.Implementations.Library.Validators.GenresValidator: Refreshed metadata for 0 new genres out of 2 total
[2026-10-09 18:56:28.102 +00:00] [INF] [7] Emby.Server.Implementations.Library.LibraryManager: Post-scan task "GenresPostScanTask" completed after 0 minute(s) and 0 seconds
[2026-10-09 18:56:28.103 +00:00] [INF] [7] Emby.Server.Implementations.Library.LibraryManager: Running post-scan task 6/8: "MusicGenresPostScanTask"
[2026-10-09 18:56:28.111 +00:00] [INF] [7] Emby.Server.Implementations.Library.Validators.MusicGenresValidator: Refreshed metadata for 0 new music genres out of 0 total
[2026-10-09 18:56:28.112 +00:00] [INF] [7] Emby.Server.Implementations.Library.LibraryManager: Post-scan task "MusicGenresPostScanTask" completed after 0 minute(s) and 0 seconds
[2026-10-09 18:56:28.112 +00:00] [INF] [7] Emby.Server.Implementations.Library.LibraryManager: Running post-scan task 7/8: "StudiosPostScanTask"
[2026-10-09 18:56:28.121 +00:00] [INF] [7] Emby.Server.Implementations.Library.Validators.StudiosValidator: Refreshed metadata for 0 new studios out of 0 total
[2026-10-09 18:56:28.185 +00:00] [INF] [7] Emby.Server.Implementations.Library.LibraryManager: Post-scan task "StudiosPostScanTask" completed after 0 minute(s) and 0 seconds
[2026-10-09 18:56:28.185 +00:00] [INF] [7] Emby.Server.Implementations.Library.LibraryManager: Running post-scan task 8/8: "CleanDatabaseScheduledTask"
[2026-10-09 18:56:28.289 +00:00] [INF] [7] Emby.Server.Implementations.Library.LibraryManager: Post-scan task "CleanDatabaseScheduledTask" completed after 0 minute(s) and 0 seconds
[2026-10-09 18:56:28.289 +00:00] [INF] [7] Emby.Server.Implementations.Library.LibraryManager: All post-scan tasks completed after 0 minute(s) and 8 seconds
[2026-10-09 18:56:28.303 +00:00] [INF] [7] Emby.Server.Implementations.ScheduledTasks.TaskManager: "Scan Media Library" Completed after 0 minute(s) and 11 seconds
[2026-10-09 18:56:28.348 +00:00] [INF] [8] Emby.Server.Implementations.IO.LibraryMonitor: Watching directory "/media/Movies"
[2026-10-09 18:58:40.032 +00:00] [INF] [27] Emby.Server.Implementations.Session.SessionManager: Sending shutdown notifications
[2026-10-09 18:58:40.041 +00:00] [INF] [27] Emby.Server.Implementations.IO.LibraryMonitor: Stopping directory watching for path "/media/Movies"
[2026-10-09 18:58:40.045 +00:00] [INF] [25] Emby.Server.Implementations.HttpServer.WebSocketManager: WS "172.21.0.1" closed
[2026-10-09 18:58:40.057 +00:00] [INF] [28] Main: Optimizing the database... This might take a while
[2026-10-09 18:58:40.194 +00:00] [INF] [28] Jellyfin.Database.Providers.Sqlite.SqliteDatabaseProvider: jellyfin.db optimized successfully!
[2026-10-09 18:58:40.263 +00:00] [INF] [28] Emby.Server.Implementations.ApplicationHost: Disposing "CoreAppHost"
[2026-10-09 18:58:40.263 +00:00] [INF] [28] Emby.Server.Implementations.ApplicationHost: Disposing "Plugin"
[2026-10-09 19:20:52.161 +00:00] [INF] [1] Emby.Server.Implementations.AppBase.BaseConfigurationManager: Setting cache path: "/cache"
[2026-10-09 19:20:52.523 +00:00] [INF] [8] Jellyfin.Server.ServerSetupApp.SetupServer: Kestrel is listening on "0.0.0.0"
[2026-10-09 19:20:52.571 +00:00] [INF] [8] Main: Jellyfin version: "12.0.0"
[2026-10-09 19:20:52.579 +00:00] [INF] [8] Main: Environment Variables: ["[JELLYFIN_CACHE_DIR, /cache]", "[JELLYFIN_WEB_DIR, /jellyfin/jellyfin-web]", "[JELLYFIN_FFMPEG, /usr/lib/jellyfin-ffmpeg/ffmpeg]", "[JELLYFIN_CONFIG_DIR, /config/config]", "[JELLYFIN_DATA_DIR, /config]", "[JELLYFIN_LOG_DIR, /config/log]"]
[2026-10-09 19:20:52.584 +00:00] [INF] [8] Main: Arguments: ["/jellyfin/jellyfin.dll"]
[2026-10-09 19:20:52.585 +00:00] [INF] [8] Main: Operating system: "Debian GNU/Linux 13 (trixie)"
[2026-10-09 19:20:52.585 +00:00] [INF] [8] Main: Architecture: X64
[2026-10-09 19:20:52.587 +00:00] [INF] [8] Main: 64-Bit Process: True
[2026-10-09 19:20:52.587 +00:00] [INF] [8] Main: User Interactive: True
[2026-10-09 19:20:52.587 +00:00] [INF] [8] Main: Processor count: 2
[2026-10-09 19:20:52.588 +00:00] [INF] [8] Main: Program data path: "/config"
[2026-10-09 19:20:52.588 +00:00] [INF] [8] Main: Log directory path: "/config/log"
[2026-10-09 19:20:52.588 +00:00] [INF] [8] Main: Config directory path: "/config/config"
[2026-10-09 19:20:52.588 +00:00] [INF] [8] Main: Cache path: "/cache"
[2026-10-09 19:20:52.589 +00:00] [INF] [8] Main: Temp directory path: "/tmp/jellyfin"
[2026-10-09 19:20:52.589 +00:00] [INF] [8] Main: Web resources path: "/jellyfin/jellyfin-web"
[2026-10-09 19:20:52.589 +00:00] [INF] [8] Main: Application directory: "/jellyfin/"
[2026-10-09 19:20:52.601 +00:00] [INF] [8] Jellyfin.Server.Startup: Storage path `"/config/data"` (Unknown) successfully checked with "48.5GiB" free which is over the minimum of "2GiB".
[2026-10-09 19:20:52.602 +00:00] [INF] [8] Jellyfin.Server.Startup: Storage path `"/cache"` (Unknown) successfully checked with "48.5GiB" free which is over the minimum of "2GiB".
[2026-10-09 19:20:52.603 +00:00] [INF] [8] Jellyfin.Server.Startup: Storage path `"/config"` (Unknown) successfully checked with "48.5GiB" free which is over the minimum of "2GiB".
[2026-10-09 19:20:52.611 +00:00] [INF] [8] Emby.Server.Implementations.AppBase.BaseConfigurationManager: Setting cache path: "/cache"
[2026-10-09 19:20:52.760 +00:00] [INF] [8] Jellyfin.Database.Providers.Sqlite.SqliteDatabaseProvider: SQLite connection string: "Data Source=/config/data/jellyfin.db;Cache=Private;Default Timeout=60;Pooling=True"
[2026-10-09 19:20:52.770 +00:00] [INF] [8] Jellyfin.Database.Providers.Sqlite.SqliteDatabaseProvider: SQLITE connection pragma command set to: 
"PRAGMA locking_mode=NORMAL;
PRAGMA journal_size_limit=134217728;
PRAGMA synchronous=1;
PRAGMA temp_store=2;
"
[2026-10-09 19:20:52.773 +00:00] [INF] [8] Jellyfin.Database.Implementations.Locking.NoLockBehavior: The database locking mode has been set to: NoLock.
[2026-10-09 19:20:52.837 +00:00] [INF] [8] Jellyfin.Server.Migrations.JellyfinMigrationService: Initialise Migration service.
[2026-10-09 19:20:54.124 +00:00] [INF] [8] Emby.Server.Implementations.AppBase.BaseConfigurationManager: Setting cache path: "/cache"
[2026-10-09 19:20:54.218 +00:00] [INF] [8] Emby.Server.Implementations.ApplicationHost: Loading assemblies
[2026-10-09 19:20:54.305 +00:00] [INF] [8] Jellyfin.Networking.Manager.NetworkManager: Defined LAN subnets: ["127.0.0.0/8", "10.0.0.0/8", "172.16.0.0/12", "192.168.0.0/16"]
[2026-10-09 19:20:54.306 +00:00] [INF] [8] Jellyfin.Networking.Manager.NetworkManager: Defined LAN exclusions: []
[2026-10-09 19:20:54.309 +00:00] [INF] [8] Jellyfin.Networking.Manager.NetworkManager: Used LAN subnets: ["127.0.0.0/8", "10.0.0.0/8", "172.16.0.0/12", "192.168.0.0/16"]
[2026-10-09 19:20:54.311 +00:00] [INF] [8] Jellyfin.Networking.Manager.NetworkManager: Filtered interface addresses: ["127.0.0.1", "172.18.0.2"]
[2026-10-09 19:20:54.312 +00:00] [INF] [8] Jellyfin.Networking.Manager.NetworkManager: Bind Addresses ["0.0.0.0"]
[2026-10-09 19:20:54.312 +00:00] [INF] [8] Jellyfin.Networking.Manager.NetworkManager: Remote IP filter is "Allowlist"
[2026-10-09 19:20:54.312 +00:00] [INF] [8] Jellyfin.Networking.Manager.NetworkManager: Filtered subnets: []
[2026-10-09 19:20:54.828 +00:00] [INF] [8] Jellyfin.Database.Providers.Sqlite.SqliteDatabaseProvider: SQLite connection string: "Data Source=/config/data/jellyfin.db;Cache=Private;Default Timeout=60;Pooling=True"
[2026-10-09 19:20:54.828 +00:00] [INF] [8] Jellyfin.Database.Providers.Sqlite.SqliteDatabaseProvider: SQLITE connection pragma command set to: 
"PRAGMA locking_mode=NORMAL;
PRAGMA journal_size_limit=134217728;
PRAGMA synchronous=1;
PRAGMA temp_store=2;
"
[2026-10-09 19:20:54.829 +00:00] [INF] [8] Jellyfin.Database.Implementations.Locking.NoLockBehavior: The database locking mode has been set to: NoLock.
[2026-10-09 19:20:54.891 +00:00] [INF] [8] Main: Prepare system for possible migrations
[2026-10-09 19:20:55.178 +00:00] [INF] [8] Emby.Server.Implementations.Plugins.PluginManager: Loaded plugin: "TMDb" "12.0.0.0"
[2026-10-09 19:20:55.180 +00:00] [INF] [8] Emby.Server.Implementations.Plugins.PluginManager: Loaded plugin: "Studio Images" "12.0.0.0"
[2026-10-09 19:20:55.181 +00:00] [INF] [8] Emby.Server.Implementations.Plugins.PluginManager: Loaded plugin: "OMDb" "12.0.0.0"
[2026-10-09 19:20:55.199 +00:00] [INF] [8] Emby.Server.Implementations.Plugins.PluginManager: Loaded plugin: "MusicBrainz" "12.0.0.0"
[2026-10-09 19:20:55.199 +00:00] [INF] [8] Emby.Server.Implementations.Plugins.PluginManager: Loaded plugin: "ListenBrainz Similarity Provider" "12.0.0.0"
[2026-10-09 19:20:55.200 +00:00] [INF] [8] Emby.Server.Implementations.Plugins.PluginManager: Loaded plugin: "AudioDB" "12.0.0.0"
[2026-10-09 19:20:55.290 +00:00] [INF] [8] Emby.Server.Implementations.Library.Search.SearchManager: Registered 0 external search providers: "". Fallback providers: "Database (priority 100)"
[2026-10-09 19:20:55.712 +00:00] [INF] [7] Main: Kestrel is listening on "0.0.0.0"
[2026-10-09 19:20:55.737 +00:00] [WRN] [7] Microsoft.AspNetCore.DataProtection.KeyManagement.XmlKeyManager: No XML encryptor configured. Key {2fce8630-837a-4a61-9ee1-cf9286c065c7} may be persisted to storage in unencrypted form.
[2026-10-09 19:20:56.836 +00:00] [WRN] [7] Microsoft.AspNetCore.StaticFiles.StaticFileMiddleware: The WebRootPath was not found: "/wwwroot". Static files may be unavailable.
[2026-10-09 19:20:56.891 +00:00] [INF] [7] Emby.Server.Implementations.ApplicationHost: Running startup tasks
[2026-10-09 19:20:56.901 +00:00] [INF] [11] Emby.Server.Implementations.IO.LibraryMonitor: Watching directory "/media/Movies"
[2026-10-09 19:20:56.909 +00:00] [INF] [7] Emby.Server.Implementations.ScheduledTasks.TaskManager: Daily trigger for "Generate Trickplay Images" set to fire at 2026-10-10 03:00:00.000 +00:00, which is 07:39:03.0906416 from now.
[2026-10-09 19:20:56.916 +00:00] [INF] [7] Emby.Server.Implementations.ScheduledTasks.TaskManager: Daily trigger for "Extract Chapter Images" set to fire at 2026-10-10 02:00:00.000 +00:00, which is 06:39:03.0834733 from now.
[2026-10-09 19:20:57.191 +00:00] [INF] [7] MediaBrowser.MediaEncoding.Encoder.MediaEncoder: Found ffmpeg version "8.1.2"
[2026-10-09 19:20:57.247 +00:00] [INF] [7] MediaBrowser.MediaEncoding.Encoder.MediaEncoder: Available "decoders": ["libdav1d", "av1", "av1_cuvid", "av1_qsv", "h264", "h264_qsv", "h264_cuvid", "hevc", "hevc_qsv", "hevc_cuvid", "mpeg2video", "mpeg2_qsv", "mpeg2_cuvid", "mpeg4", "mpeg4_cuvid", "msmpeg4", "vc1_qsv", "vc1_cuvid", "vp8", "libvpx", "vp8_cuvid", "vp8_qsv", "vp9", "libvpx-vp9", "vp9_cuvid", "vp9_qsv", "aac", "ac3", "ac4", "dca", "flac", "mp3", "truehd"]
[2026-10-09 19:20:57.267 +00:00] [INF] [7] MediaBrowser.MediaEncoding.Encoder.MediaEncoder: Available "encoders": ["libsvtav1", "av1_nvenc", "av1_qsv", "av1_amf", "av1_vaapi", "libx264", "h264_amf", "h264_nvenc", "h264_qsv", "h264_v4l2m2m", "h264_vaapi", "libx265", "hevc_amf", "hevc_nvenc", "hevc_qsv", "hevc_vaapi", "mjpeg_qsv", "mjpeg_vaapi", "aac", "libfdk_aac", "ac3", "alac", "dca", "flac", "libmp3lame", "libopus", "truehd", "libvorbis", "srt"]
[2026-10-09 19:20:57.289 +00:00] [INF] [7] MediaBrowser.MediaEncoding.Encoder.MediaEncoder: Available filters: ["bwdif_cuda", "bwdif_opencl", "deinterlace_qsv", "deinterlace_vaapi", "flip_vulkan", "hwupload_cuda", "hwupload_vaapi", "libplacebo", "overlay_opencl", "overlay_qsv", "overlay_vaapi", "overlay_vulkan", "overlay_cuda", "procamp_vaapi", "scale_cuda", "scale_opencl", "scale_qsv", "scale_vaapi", "scale_vulkan", "tonemapx", "tonemap_cuda", "tonemap_opencl", "tonemap_vaapi", "transpose_cuda", "transpose_opencl", "transpose_vaapi", "transpose_vulkan", "vpp_qsv", "yadif_cuda", "yadif_opencl", "zscale", "alphasrc"]
[2026-10-09 19:20:57.555 +00:00] [INF] [7] MediaBrowser.MediaEncoding.Encoder.MediaEncoder: Available hwaccel types: ["cuda", "vaapi", "qsv", "drm", "opencl", "vulkan", "amf"]
[2026-10-09 19:20:59.974 +00:00] [INF] [11] Emby.Server.Implementations.ScheduledTasks.TaskManager: "Clean Transcode Directory" Completed after 0 minute(s) and 0 seconds
[2026-10-09 19:21:02.149 +00:00] [INF] [11] Emby.Server.Implementations.ScheduledTasks.TaskManager: "Update Plugins" Completed after 0 minute(s) and 2 seconds
[2026-10-09 19:21:03.560 +00:00] [INF] [7] MediaBrowser.MediaEncoding.Encoder.MediaEncoder: FFmpeg: "/usr/lib/jellyfin-ffmpeg/ffmpeg"
[2026-10-09 19:21:03.562 +00:00] [INF] [7] Emby.Server.Implementations.ApplicationHost: ServerId: "2b0aaabff6694eb18cb9a52d7ad11157"
[2026-10-09 19:21:03.563 +00:00] [INF] [7] Emby.Server.Implementations.ApplicationHost: Core startup complete
[2026-10-09 19:21:03.563 +00:00] [INF] [7] Main: Startup complete 0:00:11.8175461
[2026-10-09 19:21:11.633 +00:00] [INF] [11] Emby.Server.Implementations.HttpServer.WebSocketManager: WS "172.18.0.1" request
[2026-10-09 19:21:47.026 +00:00] [INF] [19] Emby.Server.Implementations.HttpServer.WebSocketManager: WS "172.18.0.1" closed
[2026-10-09 19:21:47.378 +00:00] [INF] [11] Emby.Server.Implementations.HttpServer.WebSocketManager: WS "172.18.0.1" request
[2026-10-09 19:23:23.525 +00:00] [INF] [25] Emby.Server.Implementations.AppBase.BaseConfigurationManager: Saving system configuration
[2026-10-09 19:23:24.183 +00:00] [INF] [25] Emby.Server.Implementations.AppBase.BaseConfigurationManager: Setting cache path: "/cache"
[2026-10-09 19:27:57.116 +00:00] [INF] [31] Jellyfin.Server.Implementations.FullSystemBackup.BackupService: Running database optimization before backup
[2026-10-09 19:27:57.349 +00:00] [INF] [31] Jellyfin.Database.Providers.Sqlite.SqliteDatabaseProvider: jellyfin.db optimized successfully!
[2026-10-09 19:27:57.484 +00:00] [INF] [31] Jellyfin.Server.Implementations.FullSystemBackup.BackupService: Attempting to create a new backup at "/config/data/backups/jellyfin-backup-20261009192757.zip"
[2026-10-09 19:27:57.503 +00:00] [INF] [31] Jellyfin.Server.Implementations.FullSystemBackup.BackupService: Starting backup process
[2026-10-09 19:27:57.528 +00:00] [INF] [31] Jellyfin.Server.Implementations.FullSystemBackup.BackupService: Begin Database backup
[2026-10-09 19:27:57.535 +00:00] [INF] [31] Jellyfin.Server.Implementations.FullSystemBackup.BackupService: Begin backup of entity "AccessSchedules"
[2026-10-09 19:27:57.594 +00:00] [INF] [3] Jellyfin.Server.Implementations.FullSystemBackup.BackupService: Backup of entity "AccessSchedules" with 0 created
[2026-10-09 19:27:57.597 +00:00] [INF] [3] Jellyfin.Server.Implementations.FullSystemBackup.BackupService: Begin backup of entity "ActivityLogs"
[2026-10-09 19:27:57.621 +00:00] [INF] [3] Jellyfin.Server.Implementations.FullSystemBackup.BackupService: Backup of entity "ActivityLogs" with 10 created
[2026-10-09 19:27:57.622 +00:00] [INF] [3] Jellyfin.Server.Implementations.FullSystemBackup.BackupService: Begin backup of entity "ApiKeys"
[2026-10-09 19:27:57.631 +00:00] [INF] [3] Jellyfin.Server.Implementations.FullSystemBackup.BackupService: Backup of entity "ApiKeys" with 0 created
[2026-10-09 19:27:57.632 +00:00] [INF] [3] Jellyfin.Server.Implementations.FullSystemBackup.BackupService: Begin backup of entity "Devices"
[2026-10-09 19:27:57.688 +00:00] [INF] [3] Jellyfin.Server.Implementations.FullSystemBackup.BackupService: Backup of entity "Devices" with 2 created
[2026-10-09 19:27:57.688 +00:00] [INF] [3] Jellyfin.Server.Implementations.FullSystemBackup.BackupService: Begin backup of entity "DeviceOptions"
[2026-10-09 19:27:57.697 +00:00] [INF] [3] Jellyfin.Server.Implementations.FullSystemBackup.BackupService: Backup of entity "DeviceOptions" with 0 created
[2026-10-09 19:27:57.697 +00:00] [INF] [3] Jellyfin.Server.Implementations.FullSystemBackup.BackupService: Begin backup of entity "DisplayPreferences"
[2026-10-09 19:27:57.712 +00:00] [INF] [3] Jellyfin.Server.Implementations.FullSystemBackup.BackupService: Backup of entity "DisplayPreferences" with 1 created
[2026-10-09 19:27:57.713 +00:00] [INF] [3] Jellyfin.Server.Implementations.FullSystemBackup.BackupService: Begin backup of entity "ImageInfos"
[2026-10-09 19:27:57.723 +00:00] [INF] [3] Jellyfin.Server.Implementations.FullSystemBackup.BackupService: Backup of entity "ImageInfos" with 1 created
[2026-10-09 19:27:57.723 +00:00] [INF] [3] Jellyfin.Server.Implementations.FullSystemBackup.BackupService: Begin backup of entity "ItemDisplayPreferences"
[2026-10-09 19:27:57.736 +00:00] [INF] [3] Jellyfin.Server.Implementations.FullSystemBackup.BackupService: Backup of entity "ItemDisplayPreferences" with 5 created
[2026-10-09 19:27:57.736 +00:00] [INF] [3] Jellyfin.Server.Implementations.FullSystemBackup.BackupService: Begin backup of entity "CustomItemDisplayPreferences"
[2026-10-09 19:27:57.744 +00:00] [INF] [3] Jellyfin.Server.Implementations.FullSystemBackup.BackupService: Backup of entity "CustomItemDisplayPreferences" with 0 created
[2026-10-09 19:27:57.745 +00:00] [INF] [3] Jellyfin.Server.Implementations.FullSystemBackup.BackupService: Begin backup of entity "Permissions"
[2026-10-09 19:27:57.755 +00:00] [INF] [3] Jellyfin.Server.Implementations.FullSystemBackup.BackupService: Backup of entity "Permissions" with 24 created
[2026-10-09 19:27:57.756 +00:00] [INF] [3] Jellyfin.Server.Implementations.FullSystemBackup.BackupService: Begin backup of entity "Preferences"
[2026-10-09 19:27:57.768 +00:00] [INF] [31] Jellyfin.Server.Implementations.FullSystemBackup.BackupService: Backup of entity "Preferences" with 13 created
[2026-10-09 19:27:57.768 +00:00] [INF] [31] Jellyfin.Server.Implementations.FullSystemBackup.BackupService: Begin backup of entity "Users"
[2026-10-09 19:27:57.785 +00:00] [INF] [31] Jellyfin.Server.Implementations.FullSystemBackup.BackupService: Backup of entity "Users" with 1 created
[2026-10-09 19:27:57.785 +00:00] [INF] [31] Jellyfin.Server.Implementations.FullSystemBackup.BackupService: Begin backup of entity "TrickplayInfos"
[2026-10-09 19:27:57.794 +00:00] [INF] [31] Jellyfin.Server.Implementations.FullSystemBackup.BackupService: Backup of entity "TrickplayInfos" with 0 created
[2026-10-09 19:27:57.795 +00:00] [INF] [31] Jellyfin.Server.Implementations.FullSystemBackup.BackupService: Begin backup of entity "MediaSegments"
[2026-10-09 19:27:57.805 +00:00] [INF] [29] Jellyfin.Server.Implementations.FullSystemBackup.BackupService: Backup of entity "MediaSegments" with 0 created
[2026-10-09 19:27:57.805 +00:00] [INF] [29] Jellyfin.Server.Implementations.FullSystemBackup.BackupService: Begin backup of entity "UserData"
[2026-10-09 19:27:57.816 +00:00] [INF] [29] Jellyfin.Server.Implementations.FullSystemBackup.BackupService: Backup of entity "UserData" with 0 created
[2026-10-09 19:27:57.816 +00:00] [INF] [29] Jellyfin.Server.Implementations.FullSystemBackup.BackupService: Begin backup of entity "AncestorIds"
[2026-10-09 19:27:57.881 +00:00] [INF] [29] Jellyfin.Server.Implementations.FullSystemBackup.BackupService: Backup of entity "AncestorIds" with 6 created
[2026-10-09 19:27:57.882 +00:00] [INF] [29] Jellyfin.Server.Implementations.FullSystemBackup.BackupService: Begin backup of entity "AttachmentStreamInfos"
[2026-10-09 19:27:57.903 +00:00] [INF] [29] Jellyfin.Server.Implementations.FullSystemBackup.BackupService: Backup of entity "AttachmentStreamInfos" with 0 created
[2026-10-09 19:27:57.903 +00:00] [INF] [29] Jellyfin.Server.Implementations.FullSystemBackup.BackupService: Begin backup of entity "BaseItems"
[2026-10-09 19:27:57.932 +00:00] [INF] [3] Jellyfin.Server.Implementations.FullSystemBackup.BackupService: Backup of entity "BaseItems" with 10 created
[2026-10-09 19:27:57.933 +00:00] [INF] [3] Jellyfin.Server.Implementations.FullSystemBackup.BackupService: Begin backup of entity "Chapters"
[2026-10-09 19:27:57.945 +00:00] [INF] [3] Jellyfin.Server.Implementations.FullSystemBackup.BackupService: Backup of entity "Chapters" with 0 created
[2026-10-09 19:27:57.945 +00:00] [INF] [3] Jellyfin.Server.Implementations.FullSystemBackup.BackupService: Begin backup of entity "ItemValues"
[2026-10-09 19:27:57.957 +00:00] [INF] [3] Jellyfin.Server.Implementations.FullSystemBackup.BackupService: Backup of entity "ItemValues" with 2 created
[2026-10-09 19:27:57.957 +00:00] [INF] [3] Jellyfin.Server.Implementations.FullSystemBackup.BackupService: Begin backup of entity "ItemValuesMap"
[2026-10-09 19:27:57.968 +00:00] [INF] [29] Jellyfin.Server.Implementations.FullSystemBackup.BackupService: Backup of entity "ItemValuesMap" with 2 created
[2026-10-09 19:27:57.968 +00:00] [INF] [29] Jellyfin.Server.Implementations.FullSystemBackup.BackupService: Begin backup of entity "MediaStreamInfos"
[2026-10-09 19:27:57.992 +00:00] [INF] [29] Jellyfin.Server.Implementations.FullSystemBackup.BackupService: Backup of entity "MediaStreamInfos" with 3 created
[2026-10-09 19:27:57.992 +00:00] [INF] [29] Jellyfin.Server.Implementations.FullSystemBackup.BackupService: Begin backup of entity "Peoples"
[2026-10-09 19:27:58.000 +00:00] [INF] [3] Jellyfin.Server.Implementations.FullSystemBackup.BackupService: Backup of entity "Peoples" with 0 created
[2026-10-09 19:27:58.000 +00:00] [INF] [3] Jellyfin.Server.Implementations.FullSystemBackup.BackupService: Begin backup of entity "PeopleBaseItemMap"
[2026-10-09 19:27:58.010 +00:00] [INF] [3] Jellyfin.Server.Implementations.FullSystemBackup.BackupService: Backup of entity "PeopleBaseItemMap" with 0 created
[2026-10-09 19:27:58.010 +00:00] [INF] [3] Jellyfin.Server.Implementations.FullSystemBackup.BackupService: Begin backup of entity "LinkedChildren"
[2026-10-09 19:27:58.019 +00:00] [INF] [3] Jellyfin.Server.Implementations.FullSystemBackup.BackupService: Backup of entity "LinkedChildren" with 0 created
[2026-10-09 19:27:58.019 +00:00] [INF] [3] Jellyfin.Server.Implementations.FullSystemBackup.BackupService: Begin backup of entity "BaseItemProviders"
[2026-10-09 19:27:58.028 +00:00] [INF] [3] Jellyfin.Server.Implementations.FullSystemBackup.BackupService: Backup of entity "BaseItemProviders" with 1 created
[2026-10-09 19:27:58.029 +00:00] [INF] [3] Jellyfin.Server.Implementations.FullSystemBackup.BackupService: Begin backup of entity "BaseItemImageInfos"
[2026-10-09 19:27:58.041 +00:00] [INF] [3] Jellyfin.Server.Implementations.FullSystemBackup.BackupService: Backup of entity "BaseItemImageInfos" with 9 created
[2026-10-09 19:27:58.042 +00:00] [INF] [3] Jellyfin.Server.Implementations.FullSystemBackup.BackupService: Begin backup of entity "BaseItemMetadataFields"
[2026-10-09 19:27:58.063 +00:00] [INF] [29] Jellyfin.Server.Implementations.FullSystemBackup.BackupService: Backup of entity "BaseItemMetadataFields" with 0 created
[2026-10-09 19:27:58.063 +00:00] [INF] [29] Jellyfin.Server.Implementations.FullSystemBackup.BackupService: Begin backup of entity "BaseItemTrailerTypes"
[2026-10-09 19:27:58.073 +00:00] [INF] [29] Jellyfin.Server.Implementations.FullSystemBackup.BackupService: Backup of entity "BaseItemTrailerTypes" with 0 created
[2026-10-09 19:27:58.073 +00:00] [INF] [29] Jellyfin.Server.Implementations.FullSystemBackup.BackupService: Begin backup of entity "KeyframeData"
[2026-10-09 19:27:58.084 +00:00] [INF] [29] Jellyfin.Server.Implementations.FullSystemBackup.BackupService: Backup of entity "KeyframeData" with 0 created
[2026-10-09 19:27:58.085 +00:00] [INF] [29] Jellyfin.Server.Implementations.FullSystemBackup.BackupService: Begin backup of entity "HistoryRow"
[2026-10-09 19:27:58.100 +00:00] [INF] [29] Jellyfin.Server.Implementations.FullSystemBackup.BackupService: Backup of entity "HistoryRow" with 100 created
[2026-10-09 19:27:58.101 +00:00] [INF] [29] Jellyfin.Server.Implementations.FullSystemBackup.BackupService: Backup of folder "/config/config"
[2026-10-09 19:27:58.142 +00:00] [INF] [29] Jellyfin.Server.Implementations.FullSystemBackup.BackupService: Backup of folder "/config/config/users"
[2026-10-09 19:27:58.152 +00:00] [INF] [29] Jellyfin.Server.Implementations.FullSystemBackup.BackupService: Backup of folder "/config/root"
[2026-10-09 19:27:58.160 +00:00] [INF] [29] Jellyfin.Server.Implementations.FullSystemBackup.BackupService: Backup of folder "/config/data/playlists"
[2026-10-09 19:27:58.161 +00:00] [INF] [29] Jellyfin.Server.Implementations.FullSystemBackup.BackupService: Backup of folder "/config/data/ScheduledTasks"
[2026-10-09 19:27:58.170 +00:00] [INF] [29] Jellyfin.Server.Implementations.FullSystemBackup.BackupService: Backup of folder "/config/metadata"
[2026-10-09 19:27:59.115 +00:00] [INF] [29] Jellyfin.Server.Implementations.FullSystemBackup.BackupService: Backup created
[2026-10-09 19:29:14.945 +00:00] [INF] [30] Emby.Server.Implementations.ApplicationHost: App needs to be restarted.
[2026-10-09 19:29:15.454 +00:00] [INF] [30] Emby.Server.Implementations.Session.SessionManager: Sending shutdown notifications
[2026-10-09 19:29:15.475 +00:00] [INF] [33] Emby.Server.Implementations.HttpServer.WebSocketManager: WS "172.18.0.1" closed
[2026-10-09 19:29:15.477 +00:00] [INF] [30] Emby.Server.Implementations.IO.LibraryMonitor: Stopping directory watching for path "/media/Movies"
[2026-10-09 19:29:15.509 +00:00] [INF] [24] Main: Optimizing the database... This might take a while
[2026-10-09 19:29:15.682 +00:00] [INF] [24] Jellyfin.Database.Providers.Sqlite.SqliteDatabaseProvider: jellyfin.db optimized successfully!
[2026-10-09 19:29:15.783 +00:00] [INF] [24] Emby.Server.Implementations.ApplicationHost: Disposing "CoreAppHost"
[2026-10-09 19:29:15.783 +00:00] [INF] [24] Emby.Server.Implementations.ApplicationHost: Disposing "Plugin"
[2026-10-09 19:29:15.804 +00:00] [INF] [24] Jellyfin.Server.ServerSetupApp.SetupServer: Kestrel is listening on "0.0.0.0"
[2026-10-09 19:29:15.837 +00:00] [INF] [24] Emby.Server.Implementations.AppBase.BaseConfigurationManager: Setting cache path: "/cache"
[2026-10-09 19:29:15.847 +00:00] [INF] [24] Emby.Server.Implementations.ApplicationHost: Loading assemblies
[2026-10-09 19:29:15.853 +00:00] [INF] [24] Jellyfin.Networking.Manager.NetworkManager: Defined LAN subnets: ["127.0.0.0/8", "10.0.0.0/8", "172.16.0.0/12", "192.168.0.0/16"]
[2026-10-09 19:29:15.853 +00:00] [INF] [24] Jellyfin.Networking.Manager.NetworkManager: Defined LAN exclusions: []
[2026-10-09 19:29:15.854 +00:00] [INF] [24] Jellyfin.Networking.Manager.NetworkManager: Used LAN subnets: ["127.0.0.0/8", "10.0.0.0/8", "172.16.0.0/12", "192.168.0.0/16"]
[2026-10-09 19:29:15.854 +00:00] [INF] [24] Jellyfin.Networking.Manager.NetworkManager: Filtered interface addresses: ["127.0.0.1", "172.18.0.2"]
[2026-10-09 19:29:15.854 +00:00] [INF] [24] Jellyfin.Networking.Manager.NetworkManager: Bind Addresses ["0.0.0.0"]
[2026-10-09 19:29:15.854 +00:00] [INF] [24] Jellyfin.Networking.Manager.NetworkManager: Remote IP filter is "Allowlist"
[2026-10-09 19:29:15.854 +00:00] [INF] [24] Jellyfin.Networking.Manager.NetworkManager: Filtered subnets: []
[2026-10-09 19:29:15.885 +00:00] [INF] [24] Jellyfin.Database.Providers.Sqlite.SqliteDatabaseProvider: SQLite connection string: "Data Source=/config/data/jellyfin.db;Cache=Private;Default Timeout=60;Pooling=True"
[2026-10-09 19:29:15.886 +00:00] [INF] [24] Jellyfin.Database.Providers.Sqlite.SqliteDatabaseProvider: SQLITE connection pragma command set to: 
"PRAGMA locking_mode=NORMAL;
PRAGMA journal_size_limit=134217728;
PRAGMA synchronous=1;
PRAGMA temp_store=2;
"
[2026-10-09 19:29:15.886 +00:00] [INF] [24] Jellyfin.Database.Implementations.Locking.NoLockBehavior: The database locking mode has been set to: NoLock.
[2026-10-09 19:29:15.912 +00:00] [WRN] [24] Jellyfin.Server.Implementations.FullSystemBackup.BackupService: Begin restoring system to "/config/data/backups/jellyfin-backup-20261009192757.zip"
[2026-10-09 19:29:15.913 +00:00] [INF] [24] Jellyfin.Server.Implementations.FullSystemBackup.BackupService: Storage path `"/config/data"` (Unknown) successfully checked with "48.4GiB" free which is over the minimum of "2GiB".
[2026-10-09 19:29:15.915 +00:00] [INF] [24] Jellyfin.Server.Implementations.FullSystemBackup.BackupService: Storage path `"/cache"` (Unknown) successfully checked with "48.4GiB" free which is over the minimum of "2GiB".
[2026-10-09 19:29:15.916 +00:00] [INF] [24] Jellyfin.Server.Implementations.FullSystemBackup.BackupService: Storage path `"/config"` (Unknown) successfully checked with "48.4GiB" free which is over the minimum of "2GiB".
[2026-10-09 19:29:15.919 +00:00] [INF] [24] Jellyfin.Server.Implementations.FullSystemBackup.BackupService: Restore and override "/config/config/network.xml"
[2026-10-09 19:29:15.924 +00:00] [INF] [24] Jellyfin.Server.Implementations.FullSystemBackup.BackupService: Restore and override "/config/config/system.xml"
[2026-10-09 19:29:15.926 +00:00] [INF] [24] Jellyfin.Server.Implementations.FullSystemBackup.BackupService: Restore and override "/config/config/database.xml"
[2026-10-09 19:29:15.929 +00:00] [INF] [24] Jellyfin.Server.Implementations.FullSystemBackup.BackupService: Restore and override "/config/config/encoding.xml"
[2026-10-09 19:29:15.934 +00:00] [INF] [24] Jellyfin.Server.Implementations.FullSystemBackup.BackupService: Restore and override "/config/config/branding.xml"
[2026-10-09 19:29:15.936 +00:00] [INF] [24] Jellyfin.Server.Implementations.FullSystemBackup.BackupService: Restore and override "/config/config/logging.default.json"
[2026-10-09 19:29:15.946 +00:00] [INF] [24] Jellyfin.Server.Implementations.FullSystemBackup.BackupService: Restore and override "/config/config/users/yajju/profile.jpg"
[2026-10-09 19:29:15.951 +00:00] [INF] [24] Jellyfin.Server.Implementations.FullSystemBackup.BackupService: Restore and override "/config/data/ScheduledTasks/7738148f-fcd0-7979-c7ce-b148e06b3aed.js"
[2026-10-09 19:29:15.953 +00:00] [INF] [24] Jellyfin.Server.Implementations.FullSystemBackup.BackupService: Restore and override "/config/data/ScheduledTasks/f9b057c0-54e9-e6da-ee4a-88ffd146a403.js"
[2026-10-09 19:29:15.960 +00:00] [INF] [24] Jellyfin.Server.Implementations.FullSystemBackup.BackupService: Restore and override "/config/data/ScheduledTasks/7d8088c1-0902-f1bf-4072-ded42437bcfb.js"
[2026-10-09 19:29:15.963 +00:00] [INF] [24] Jellyfin.Server.Implementations.FullSystemBackup.BackupService: Restore and override "/config/root/.jellyfin-root"
[2026-10-09 19:29:15.965 +00:00] [INF] [24] Jellyfin.Server.Implementations.FullSystemBackup.BackupService: Restore and override "/config/root/default/Movies/Movies.mblink"
[2026-10-09 19:29:15.969 +00:00] [INF] [24] Jellyfin.Server.Implementations.FullSystemBackup.BackupService: Restore and override "/config/root/default/Movies/movies.collection"
[2026-10-09 19:29:15.972 +00:00] [INF] [24] Jellyfin.Server.Implementations.FullSystemBackup.BackupService: Restore and override "/config/root/default/Movies/options.xml"
[2026-10-09 19:29:15.977 +00:00] [INF] [24] Jellyfin.Server.Implementations.FullSystemBackup.BackupService: Restore and override "/config/metadata/library/49/4936f5b1a6f84f0b0aa2657368a5b364/poster.png"
[2026-10-09 19:29:15.991 +00:00] [INF] [24] Jellyfin.Server.Implementations.FullSystemBackup.BackupService: Restore and override "/config/metadata/library/f1/f137a2dd21bbc1b99aa5c0f6bf02a805/poster.png"
[2026-10-09 19:29:16.002 +00:00] [INF] [24] Jellyfin.Server.Implementations.FullSystemBackup.BackupService: Restore and override "/config/metadata/library/f2/f27caa37e5142225cceded48f6553502/poster.jpg"
[2026-10-09 19:29:16.011 +00:00] [INF] [24] Jellyfin.Server.Implementations.FullSystemBackup.BackupService: Restore and override "/config/metadata/library/7b/7bb55b6f5d82f81fd26d4c3b13156770/poster.jpg"
[2026-10-09 19:29:16.022 +00:00] [INF] [24] Jellyfin.Server.Implementations.FullSystemBackup.BackupService: Restore and override "/config/metadata/library/7b/7bb55b6f5d82f81fd26d4c3b13156770/backdrop.jpg"
[2026-10-09 19:29:16.062 +00:00] [INF] [24] Jellyfin.Server.Implementations.FullSystemBackup.BackupService: Restore and override "/config/metadata/library/7b/7bb55b6f5d82f81fd26d4c3b13156770/logo.png"
[2026-10-09 19:29:16.072 +00:00] [INF] [24] Jellyfin.Server.Implementations.FullSystemBackup.BackupService: Restore and override "/config/metadata/library/7b/7bb55b6f5d82f81fd26d4c3b13156770/landscape.jpg"
[2026-10-09 19:29:16.126 +00:00] [INF] [24] Jellyfin.Server.Implementations.FullSystemBackup.BackupService: Restore and override "/config/metadata/library/d3/d3bf560475125eed829c435f3d8329e3/poster.png"
[2026-10-09 19:29:16.140 +00:00] [INF] [24] Jellyfin.Server.Implementations.FullSystemBackup.BackupService: Restore and override "/config/metadata/library/e9/e9d5075a555c1cbc394eec4cef295274/poster.png"
[2026-10-09 19:29:16.165 +00:00] [INF] [24] Jellyfin.Server.Implementations.FullSystemBackup.BackupService: Begin restoring Database
[2026-10-09 19:29:16.931 +00:00] [INF] [30] Jellyfin.Server.Implementations.FullSystemBackup.BackupService: Begin purging database
[2026-10-09 19:29:17.022 +00:00] [INF] [30] Jellyfin.Server.Implementations.FullSystemBackup.BackupService: Database Purged
[2026-10-09 19:29:17.023 +00:00] [INF] [30] Jellyfin.Server.Implementations.FullSystemBackup.BackupService: Read backup of "AccessSchedules"
[2026-10-09 19:29:17.024 +00:00] [INF] [32] Jellyfin.Server.Implementations.FullSystemBackup.BackupService: Restore backup of "AccessSchedules"
[2026-10-09 19:29:17.026 +00:00] [INF] [32] Jellyfin.Server.Implementations.FullSystemBackup.BackupService: Prepared to restore 0 entries for "AccessSchedules"
[2026-10-09 19:29:17.027 +00:00] [INF] [32] Jellyfin.Server.Implementations.FullSystemBackup.BackupService: Read backup of "ActivityLogs"
[2026-10-09 19:29:17.027 +00:00] [INF] [32] Jellyfin.Server.Implementations.FullSystemBackup.BackupService: Restore backup of "ActivityLogs"
[2026-10-09 19:29:17.040 +00:00] [INF] [32] Jellyfin.Server.Implementations.FullSystemBackup.BackupService: Prepared to restore 10 entries for "ActivityLogs"
[2026-10-09 19:29:17.048 +00:00] [INF] [32] Jellyfin.Server.Implementations.FullSystemBackup.BackupService: Read backup of "ApiKeys"
[2026-10-09 19:29:17.049 +00:00] [INF] [32] Jellyfin.Server.Implementations.FullSystemBackup.BackupService: Restore backup of "ApiKeys"
[2026-10-09 19:29:17.050 +00:00] [INF] [32] Jellyfin.Server.Implementations.FullSystemBackup.BackupService: Prepared to restore 0 entries for "ApiKeys"
[2026-10-09 19:29:17.051 +00:00] [INF] [32] Jellyfin.Server.Implementations.FullSystemBackup.BackupService: Read backup of "Devices"
[2026-10-09 19:29:17.051 +00:00] [INF] [32] Jellyfin.Server.Implementations.FullSystemBackup.BackupService: Restore backup of "Devices"
[2026-10-09 19:29:17.062 +00:00] [INF] [32] Jellyfin.Server.Implementations.FullSystemBackup.BackupService: Prepared to restore 2 entries for "Devices"
[2026-10-09 19:29:17.063 +00:00] [INF] [32] Jellyfin.Server.Implementations.FullSystemBackup.BackupService: Read backup of "DeviceOptions"
[2026-10-09 19:29:17.063 +00:00] [INF] [32] Jellyfin.Server.Implementations.FullSystemBackup.BackupService: Restore backup of "DeviceOptions"
[2026-10-09 19:29:17.063 +00:00] [INF] [32] Jellyfin.Server.Implementations.FullSystemBackup.BackupService: Prepared to restore 0 entries for "DeviceOptions"
[2026-10-09 19:29:17.063 +00:00] [INF] [32] Jellyfin.Server.Implementations.FullSystemBackup.BackupService: Read backup of "DisplayPreferences"
[2026-10-09 19:29:17.063 +00:00] [INF] [32] Jellyfin.Server.Implementations.FullSystemBackup.BackupService: Restore backup of "DisplayPreferences"
[2026-10-09 19:29:17.075 +00:00] [INF] [32] Jellyfin.Server.Implementations.FullSystemBackup.BackupService: Prepared to restore 1 entries for "DisplayPreferences"
[2026-10-09 19:29:17.076 +00:00] [INF] [32] Jellyfin.Server.Implementations.FullSystemBackup.BackupService: Read backup of "ImageInfos"
[2026-10-09 19:29:17.076 +00:00] [INF] [32] Jellyfin.Server.Implementations.FullSystemBackup.BackupService: Restore backup of "ImageInfos"
[2026-10-09 19:29:17.078 +00:00] [INF] [32] Jellyfin.Server.Implementations.FullSystemBackup.BackupService: Prepared to restore 1 entries for "ImageInfos"
[2026-10-09 19:29:17.079 +00:00] [INF] [32] Jellyfin.Server.Implementations.FullSystemBackup.BackupService: Read backup of "ItemDisplayPreferences"
[2026-10-09 19:29:17.079 +00:00] [INF] [32] Jellyfin.Server.Implementations.FullSystemBackup.BackupService: Restore backup of "ItemDisplayPreferences"
[2026-10-09 19:29:17.084 +00:00] [INF] [32] Jellyfin.Server.Implementations.FullSystemBackup.BackupService: Prepared to restore 5 entries for "ItemDisplayPreferences"
[2026-10-09 19:29:17.084 +00:00] [INF] [32] Jellyfin.Server.Implementations.FullSystemBackup.BackupService: Read backup of "CustomItemDisplayPreferences"
[2026-10-09 19:29:17.084 +00:00] [INF] [32] Jellyfin.Server.Implementations.FullSystemBackup.BackupService: Restore backup of "CustomItemDisplayPreferences"
[2026-10-09 19:29:17.085 +00:00] [INF] [32] Jellyfin.Server.Implementations.FullSystemBackup.BackupService: Prepared to restore 0 entries for "CustomItemDisplayPreferences"
[2026-10-09 19:29:17.085 +00:00] [INF] [32] Jellyfin.Server.Implementations.FullSystemBackup.BackupService: Read backup of "Permissions"
[2026-10-09 19:29:17.085 +00:00] [INF] [32] Jellyfin.Server.Implementations.FullSystemBackup.BackupService: Restore backup of "Permissions"
[2026-10-09 19:29:17.092 +00:00] [INF] [32] Jellyfin.Server.Implementations.FullSystemBackup.BackupService: Prepared to restore 24 entries for "Permissions"
[2026-10-09 19:29:17.092 +00:00] [INF] [32] Jellyfin.Server.Implementations.FullSystemBackup.BackupService: Read backup of "Preferences"
[2026-10-09 19:29:17.092 +00:00] [INF] [32] Jellyfin.Server.Implementations.FullSystemBackup.BackupService: Restore backup of "Preferences"
[2026-10-09 19:29:17.097 +00:00] [INF] [32] Jellyfin.Server.Implementations.FullSystemBackup.BackupService: Prepared to restore 13 entries for "Preferences"
[2026-10-09 19:29:17.097 +00:00] [INF] [32] Jellyfin.Server.Implementations.FullSystemBackup.BackupService: Read backup of "Users"
[2026-10-09 19:29:17.097 +00:00] [INF] [32] Jellyfin.Server.Implementations.FullSystemBackup.BackupService: Restore backup of "Users"
[2026-10-09 19:29:17.112 +00:00] [INF] [32] Jellyfin.Server.Implementations.FullSystemBackup.BackupService: Prepared to restore 1 entries for "Users"
[2026-10-09 19:29:17.112 +00:00] [INF] [32] Jellyfin.Server.Implementations.FullSystemBackup.BackupService: Read backup of "TrickplayInfos"
[2026-10-09 19:29:17.112 +00:00] [INF] [32] Jellyfin.Server.Implementations.FullSystemBackup.BackupService: Restore backup of "TrickplayInfos"
[2026-10-09 19:29:17.112 +00:00] [INF] [32] Jellyfin.Server.Implementations.FullSystemBackup.BackupService: Prepared to restore 0 entries for "TrickplayInfos"
[2026-10-09 19:29:17.112 +00:00] [INF] [32] Jellyfin.Server.Implementations.FullSystemBackup.BackupService: Read backup of "MediaSegments"
[2026-10-09 19:29:17.112 +00:00] [INF] [32] Jellyfin.Server.Implementations.FullSystemBackup.BackupService: Restore backup of "MediaSegments"
[2026-10-09 19:29:17.112 +00:00] [INF] [32] Jellyfin.Server.Implementations.FullSystemBackup.BackupService: Prepared to restore 0 entries for "MediaSegments"
[2026-10-09 19:29:17.112 +00:00] [INF] [32] Jellyfin.Server.Implementations.FullSystemBackup.BackupService: Read backup of "UserData"
[2026-10-09 19:29:17.112 +00:00] [INF] [32] Jellyfin.Server.Implementations.FullSystemBackup.BackupService: Restore backup of "UserData"
[2026-10-09 19:29:17.112 +00:00] [INF] [32] Jellyfin.Server.Implementations.FullSystemBackup.BackupService: Prepared to restore 0 entries for "UserData"
[2026-10-09 19:29:17.112 +00:00] [INF] [32] Jellyfin.Server.Implementations.FullSystemBackup.BackupService: Read backup of "AncestorIds"
[2026-10-09 19:29:17.112 +00:00] [INF] [32] Jellyfin.Server.Implementations.FullSystemBackup.BackupService: Restore backup of "AncestorIds"
[2026-10-09 19:29:17.138 +00:00] [INF] [32] Jellyfin.Server.Implementations.FullSystemBackup.BackupService: Prepared to restore 6 entries for "AncestorIds"
[2026-10-09 19:29:17.138 +00:00] [INF] [32] Jellyfin.Server.Implementations.FullSystemBackup.BackupService: Read backup of "AttachmentStreamInfos"
[2026-10-09 19:29:17.138 +00:00] [INF] [32] Jellyfin.Server.Implementations.FullSystemBackup.BackupService: Restore backup of "AttachmentStreamInfos"
[2026-10-09 19:29:17.138 +00:00] [INF] [32] Jellyfin.Server.Implementations.FullSystemBackup.BackupService: Prepared to restore 0 entries for "AttachmentStreamInfos"
[2026-10-09 19:29:17.138 +00:00] [INF] [32] Jellyfin.Server.Implementations.FullSystemBackup.BackupService: Read backup of "BaseItems"
[2026-10-09 19:29:17.138 +00:00] [INF] [32] Jellyfin.Server.Implementations.FullSystemBackup.BackupService: Restore backup of "BaseItems"
[2026-10-09 19:29:17.356 +00:00] [INF] [32] Jellyfin.Server.Implementations.FullSystemBackup.BackupService: Prepared to restore 10 entries for "BaseItems"
[2026-10-09 19:29:17.356 +00:00] [INF] [32] Jellyfin.Server.Implementations.FullSystemBackup.BackupService: Read backup of "Chapters"
[2026-10-09 19:29:17.356 +00:00] [INF] [32] Jellyfin.Server.Implementations.FullSystemBackup.BackupService: Restore backup of "Chapters"
[2026-10-09 19:29:17.356 +00:00] [INF] [32] Jellyfin.Server.Implementations.FullSystemBackup.BackupService: Prepared to restore 0 entries for "Chapters"
[2026-10-09 19:29:17.356 +00:00] [INF] [32] Jellyfin.Server.Implementations.FullSystemBackup.BackupService: Read backup of "ItemValues"
[2026-10-09 19:29:17.356 +00:00] [INF] [32] Jellyfin.Server.Implementations.FullSystemBackup.BackupService: Restore backup of "ItemValues"
[2026-10-09 19:29:17.377 +00:00] [INF] [32] Jellyfin.Server.Implementations.FullSystemBackup.BackupService: Prepared to restore 2 entries for "ItemValues"
[2026-10-09 19:29:17.377 +00:00] [INF] [32] Jellyfin.Server.Implementations.FullSystemBackup.BackupService: Read backup of "ItemValuesMap"
[2026-10-09 19:29:17.378 +00:00] [INF] [32] Jellyfin.Server.Implementations.FullSystemBackup.BackupService: Restore backup of "ItemValuesMap"
[2026-10-09 19:29:17.394 +00:00] [INF] [32] Jellyfin.Server.Implementations.FullSystemBackup.BackupService: Prepared to restore 2 entries for "ItemValuesMap"
[2026-10-09 19:29:17.394 +00:00] [INF] [32] Jellyfin.Server.Implementations.FullSystemBackup.BackupService: Read backup of "MediaStreamInfos"
[2026-10-09 19:29:17.394 +00:00] [INF] [32] Jellyfin.Server.Implementations.FullSystemBackup.BackupService: Restore backup of "MediaStreamInfos"
[2026-10-09 19:29:17.477 +00:00] [INF] [32] Jellyfin.Server.Implementations.FullSystemBackup.BackupService: Prepared to restore 3 entries for "MediaStreamInfos"
[2026-10-09 19:29:17.477 +00:00] [INF] [32] Jellyfin.Server.Implementations.FullSystemBackup.BackupService: Read backup of "Peoples"
[2026-10-09 19:29:17.477 +00:00] [INF] [32] Jellyfin.Server.Implementations.FullSystemBackup.BackupService: Restore backup of "Peoples"
[2026-10-09 19:29:17.477 +00:00] [INF] [32] Jellyfin.Server.Implementations.FullSystemBackup.BackupService: Prepared to restore 0 entries for "Peoples"
[2026-10-09 19:29:17.477 +00:00] [INF] [32] Jellyfin.Server.Implementations.FullSystemBackup.BackupService: Read backup of "PeopleBaseItemMap"
[2026-10-09 19:29:17.477 +00:00] [INF] [32] Jellyfin.Server.Implementations.FullSystemBackup.BackupService: Restore backup of "PeopleBaseItemMap"
[2026-10-09 19:29:17.477 +00:00] [INF] [32] Jellyfin.Server.Implementations.FullSystemBackup.BackupService: Prepared to restore 0 entries for "PeopleBaseItemMap"
[2026-10-09 19:29:17.477 +00:00] [INF] [32] Jellyfin.Server.Implementations.FullSystemBackup.BackupService: Read backup of "LinkedChildren"
[2026-10-09 19:29:17.477 +00:00] [INF] [32] Jellyfin.Server.Implementations.FullSystemBackup.BackupService: Restore backup of "LinkedChildren"
[2026-10-09 19:29:17.477 +00:00] [INF] [32] Jellyfin.Server.Implementations.FullSystemBackup.BackupService: Prepared to restore 0 entries for "LinkedChildren"
[2026-10-09 19:29:17.477 +00:00] [INF] [32] Jellyfin.Server.Implementations.FullSystemBackup.BackupService: Read backup of "BaseItemProviders"
[2026-10-09 19:29:17.477 +00:00] [INF] [32] Jellyfin.Server.Implementations.FullSystemBackup.BackupService: Restore backup of "BaseItemProviders"
[2026-10-09 19:29:17.491 +00:00] [INF] [32] Jellyfin.Server.Implementations.FullSystemBackup.BackupService: Prepared to restore 1 entries for "BaseItemProviders"
[2026-10-09 19:29:17.493 +00:00] [INF] [32] Jellyfin.Server.Implementations.FullSystemBackup.BackupService: Read backup of "BaseItemImageInfos"
[2026-10-09 19:29:17.493 +00:00] [INF] [32] Jellyfin.Server.Implementations.FullSystemBackup.BackupService: Restore backup of "BaseItemImageInfos"
[2026-10-09 19:29:17.517 +00:00] [INF] [32] Jellyfin.Server.Implementations.FullSystemBackup.BackupService: Prepared to restore 9 entries for "BaseItemImageInfos"
[2026-10-09 19:29:17.517 +00:00] [INF] [32] Jellyfin.Server.Implementations.FullSystemBackup.BackupService: Read backup of "BaseItemMetadataFields"
[2026-10-09 19:29:17.517 +00:00] [INF] [32] Jellyfin.Server.Implementations.FullSystemBackup.BackupService: Restore backup of "BaseItemMetadataFields"
[2026-10-09 19:29:17.517 +00:00] [INF] [32] Jellyfin.Server.Implementations.FullSystemBackup.BackupService: Prepared to restore 0 entries for "BaseItemMetadataFields"
[2026-10-09 19:29:17.517 +00:00] [INF] [32] Jellyfin.Server.Implementations.FullSystemBackup.BackupService: Read backup of "BaseItemTrailerTypes"
[2026-10-09 19:29:17.517 +00:00] [INF] [32] Jellyfin.Server.Implementations.FullSystemBackup.BackupService: Restore backup of "BaseItemTrailerTypes"
[2026-10-09 19:29:17.517 +00:00] [INF] [32] Jellyfin.Server.Implementations.FullSystemBackup.BackupService: Prepared to restore 0 entries for "BaseItemTrailerTypes"
[2026-10-09 19:29:17.518 +00:00] [INF] [32] Jellyfin.Server.Implementations.FullSystemBackup.BackupService: Read backup of "KeyframeData"
[2026-10-09 19:29:17.518 +00:00] [INF] [32] Jellyfin.Server.Implementations.FullSystemBackup.BackupService: Restore backup of "KeyframeData"
[2026-10-09 19:29:17.518 +00:00] [INF] [32] Jellyfin.Server.Implementations.FullSystemBackup.BackupService: Prepared to restore 0 entries for "KeyframeData"
[2026-10-09 19:29:17.518 +00:00] [INF] [32] Jellyfin.Server.Implementations.FullSystemBackup.BackupService: Try restore Database
[2026-10-09 19:29:17.773 +00:00] [INF] [32] Jellyfin.Server.Implementations.FullSystemBackup.BackupService: Restored database
[2026-10-09 19:29:17.773 +00:00] [INF] [32] Jellyfin.Server.Implementations.FullSystemBackup.BackupService: Restored Jellyfin system from 10/09/2026 19:27:57 +00:00
[2026-10-09 19:29:17.774 +00:00] [INF] [32] Main: Optimizing the database... This might take a while
[2026-10-09 19:29:17.929 +00:00] [INF] [32] Jellyfin.Database.Providers.Sqlite.SqliteDatabaseProvider: jellyfin.db optimized successfully!
[2026-10-09 19:29:17.931 +00:00] [INF] [32] Emby.Server.Implementations.ApplicationHost: Disposing "CoreAppHost"
[2026-10-09 19:29:17.936 +00:00] [INF] [32] Jellyfin.Server.ServerSetupApp.SetupServer: Kestrel is listening on "0.0.0.0"
[2026-10-09 19:29:17.946 +00:00] [INF] [32] Emby.Server.Implementations.AppBase.BaseConfigurationManager: Setting cache path: "/cache"
[2026-10-09 19:29:17.964 +00:00] [INF] [32] Emby.Server.Implementations.ApplicationHost: Loading assemblies
[2026-10-09 19:29:17.969 +00:00] [INF] [32] Jellyfin.Networking.Manager.NetworkManager: Defined LAN subnets: ["127.0.0.0/8", "10.0.0.0/8", "172.16.0.0/12", "192.168.0.0/16"]
[2026-10-09 19:29:17.969 +00:00] [INF] [32] Jellyfin.Networking.Manager.NetworkManager: Defined LAN exclusions: []
[2026-10-09 19:29:17.970 +00:00] [INF] [32] Jellyfin.Networking.Manager.NetworkManager: Used LAN subnets: ["127.0.0.0/8", "10.0.0.0/8", "172.16.0.0/12", "192.168.0.0/16"]
[2026-10-09 19:29:17.970 +00:00] [INF] [32] Jellyfin.Networking.Manager.NetworkManager: Filtered interface addresses: ["127.0.0.1", "172.18.0.2"]
[2026-10-09 19:29:17.971 +00:00] [INF] [32] Jellyfin.Networking.Manager.NetworkManager: Bind Addresses ["0.0.0.0"]
[2026-10-09 19:29:17.971 +00:00] [INF] [32] Jellyfin.Networking.Manager.NetworkManager: Remote IP filter is "Allowlist"
[2026-10-09 19:29:17.971 +00:00] [INF] [32] Jellyfin.Networking.Manager.NetworkManager: Filtered subnets: []
[2026-10-09 19:29:17.984 +00:00] [INF] [32] Jellyfin.Database.Providers.Sqlite.SqliteDatabaseProvider: SQLite connection string: "Data Source=/config/data/jellyfin.db;Cache=Private;Default Timeout=60;Pooling=True"
[2026-10-09 19:29:17.984 +00:00] [INF] [32] Jellyfin.Database.Providers.Sqlite.SqliteDatabaseProvider: SQLITE connection pragma command set to: 
"PRAGMA locking_mode=NORMAL;
PRAGMA journal_size_limit=134217728;
PRAGMA synchronous=1;
PRAGMA temp_store=2;
"
[2026-10-09 19:29:17.984 +00:00] [INF] [32] Jellyfin.Database.Implementations.Locking.NoLockBehavior: The database locking mode has been set to: NoLock.
[2026-10-09 19:29:17.993 +00:00] [INF] [32] Main: Prepare system for possible migrations
[2026-10-09 19:29:18.060 +00:00] [INF] [32] Emby.Server.Implementations.Plugins.PluginManager: Loaded plugin: "TMDb" "12.0.0.0"
[2026-10-09 19:29:18.064 +00:00] [INF] [32] Emby.Server.Implementations.Plugins.PluginManager: Loaded plugin: "Studio Images" "12.0.0.0"
[2026-10-09 19:29:18.068 +00:00] [INF] [32] Emby.Server.Implementations.Plugins.PluginManager: Loaded plugin: "OMDb" "12.0.0.0"
[2026-10-09 19:29:18.081 +00:00] [INF] [32] Emby.Server.Implementations.Plugins.PluginManager: Loaded plugin: "MusicBrainz" "12.0.0.0"
[2026-10-09 19:29:18.087 +00:00] [INF] [32] Emby.Server.Implementations.Plugins.PluginManager: Loaded plugin: "ListenBrainz Similarity Provider" "12.0.0.0"
[2026-10-09 19:29:18.092 +00:00] [INF] [32] Emby.Server.Implementations.Plugins.PluginManager: Loaded plugin: "AudioDB" "12.0.0.0"
[2026-10-09 19:29:18.168 +00:00] [INF] [32] Emby.Server.Implementations.Library.Search.SearchManager: Registered 0 external search providers: "". Fallback providers: "Database (priority 100)"
[2026-10-09 19:29:18.180 +00:00] [INF] [32] Main: Kestrel is listening on "0.0.0.0"
[2026-10-09 19:29:18.512 +00:00] [WRN] [32] Microsoft.AspNetCore.StaticFiles.StaticFileMiddleware: The WebRootPath was not found: "/wwwroot". Static files may be unavailable.
[2026-10-09 19:29:18.549 +00:00] [INF] [32] Emby.Server.Implementations.ApplicationHost: Running startup tasks
[2026-10-09 19:29:18.555 +00:00] [INF] [27] Emby.Server.Implementations.IO.LibraryMonitor: Watching directory "/media/Movies"
[2026-10-09 19:29:18.568 +00:00] [INF] [32] Emby.Server.Implementations.ScheduledTasks.TaskManager: Daily trigger for "Generate Trickplay Images" set to fire at 2026-10-10 03:00:00.000 +00:00, which is 07:30:41.4313243 from now.
[2026-10-09 19:29:18.572 +00:00] [INF] [32] Emby.Server.Implementations.ScheduledTasks.TaskManager: Daily trigger for "Extract Chapter Images" set to fire at 2026-10-10 02:00:00.000 +00:00, which is 06:30:41.4271308 from now.
[2026-10-09 19:29:19.045 +00:00] [INF] [32] MediaBrowser.MediaEncoding.Encoder.MediaEncoder: Found ffmpeg version "8.1.2"
[2026-10-09 19:29:19.161 +00:00] [INF] [32] MediaBrowser.MediaEncoding.Encoder.MediaEncoder: Available "decoders": ["libdav1d", "av1", "av1_cuvid", "av1_qsv", "h264", "h264_qsv", "h264_cuvid", "hevc", "hevc_qsv", "hevc_cuvid", "mpeg2video", "mpeg2_qsv", "mpeg2_cuvid", "mpeg4", "mpeg4_cuvid", "msmpeg4", "vc1_qsv", "vc1_cuvid", "vp8", "libvpx", "vp8_cuvid", "vp8_qsv", "vp9", "libvpx-vp9", "vp9_cuvid", "vp9_qsv", "aac", "ac3", "ac4", "dca", "flac", "mp3", "truehd"]
[2026-10-09 19:29:19.188 +00:00] [INF] [32] MediaBrowser.MediaEncoding.Encoder.MediaEncoder: Available "encoders": ["libsvtav1", "av1_nvenc", "av1_qsv", "av1_amf", "av1_vaapi", "libx264", "h264_amf", "h264_nvenc", "h264_qsv", "h264_v4l2m2m", "h264_vaapi", "libx265", "hevc_amf", "hevc_nvenc", "hevc_qsv", "hevc_vaapi", "mjpeg_qsv", "mjpeg_vaapi", "aac", "libfdk_aac", "ac3", "alac", "dca", "flac", "libmp3lame", "libopus", "truehd", "libvorbis", "srt"]
[2026-10-09 19:29:19.218 +00:00] [INF] [32] MediaBrowser.MediaEncoding.Encoder.MediaEncoder: Available filters: ["bwdif_cuda", "bwdif_opencl", "deinterlace_qsv", "deinterlace_vaapi", "flip_vulkan", "hwupload_cuda", "hwupload_vaapi", "libplacebo", "overlay_opencl", "overlay_qsv", "overlay_vaapi", "overlay_vulkan", "overlay_cuda", "procamp_vaapi", "scale_cuda", "scale_opencl", "scale_qsv", "scale_vaapi", "scale_vulkan", "tonemapx", "tonemap_cuda", "tonemap_opencl", "tonemap_vaapi", "transpose_cuda", "transpose_opencl", "transpose_vaapi", "transpose_vulkan", "vpp_qsv", "yadif_cuda", "yadif_opencl", "zscale", "alphasrc"]
[2026-10-09 19:29:19.537 +00:00] [INF] [32] MediaBrowser.MediaEncoding.Encoder.MediaEncoder: Available hwaccel types: ["cuda", "vaapi", "qsv", "drm", "opencl", "vulkan", "amf"]
[2026-10-09 19:29:20.604 +00:00] [INF] [27] Emby.Server.Implementations.HttpServer.WebSocketManager: WS "172.18.0.1" request
[2026-10-09 19:29:21.587 +00:00] [INF] [33] Emby.Server.Implementations.ScheduledTasks.TaskManager: "Clean Transcode Directory" Completed after 0 minute(s) and 0 seconds
[2026-10-09 19:29:23.484 +00:00] [INF] [24] Emby.Server.Implementations.ScheduledTasks.TaskManager: "Update Plugins" Completed after 0 minute(s) and 1 seconds
[2026-10-09 19:29:24.933 +00:00] [INF] [32] MediaBrowser.MediaEncoding.Encoder.MediaEncoder: FFmpeg: "/usr/lib/jellyfin-ffmpeg/ffmpeg"
[2026-10-09 19:29:24.933 +00:00] [INF] [32] Emby.Server.Implementations.ApplicationHost: ServerId: "2b0aaabff6694eb18cb9a52d7ad11157"
[2026-10-09 19:29:24.933 +00:00] [INF] [32] Emby.Server.Implementations.ApplicationHost: Core startup complete
[2026-10-09 19:29:24.933 +00:00] [INF] [32] Main: Startup complete 0:00:07.0020775
